Page Description 1,Page Description 2,Column Description,Category,Subcategory,Tertiary Category,Field,Calculated,SumGroup
STATEMENT OF CASH RECEIPTS DISBURSEMENTS AND CHANGES IN FUND BALANCES,GOVERNMENTAL FUNDS,General,Receipts,,,Property Taxes,,Total Receipts
STATEMENT OF CASH RECEIPTS DISBURSEMENTS AND CHANGES IN FUND BALANCES,GOVERNMENTAL FUNDS,General,Receipts,,,Income Taxes,,Total Receipts
STATEMENT OF CASH RECEIPTS DISBURSEMENTS AND CHANGES IN FUND BALANCES,GOVERNMENTAL FUNDS,General,Receipts,,,Special Assessments,,Total Receipts
STATEMENT OF CASH RECEIPTS DISBURSEMENTS AND CHANGES IN FUND BALANCES,GOVERNMENTAL FUNDS,General,Receipts,,,Intergovernmental,,Total Receipts
STATEMENT OF CASH RECEIPTS DISBURSEMENTS AND CHANGES IN FUND BALANCES,GOVERNMENTAL FUNDS,General,Receipts,,,Interest,,Total Receipts
STATEMENT OF CASH RECEIPTS DISBURSEMENTS AND CHANGES IN FUND BALANCES,GOVERNMENTAL FUNDS,General,Receipts,,,Licenses and Permits,,Total Receipts
STATEMENT OF CASH RECEIPTS DISBURSEMENTS AND CHANGES IN FUND BALANCES,GOVERNMENTAL FUNDS,General,Receipts,,,Fines and Forfeitures,,Total Receipts
STATEMENT OF CASH RECEIPTS DISBURSEMENTS AND CHANGES IN FUND BALANCES,GOVERNMENTAL FUNDS,General,Receipts,,,Rentals,,Total Receipts
STATEMENT OF CASH RECEIPTS DISBURSEMENTS AND CHANGES IN FUND BALANCES,GOVERNMENTAL FUNDS,General,Receipts,,,Charges for Services,,Total Receipts
STATEMENT OF CASH RECEIPTS DISBURSEMENTS AND CHANGES IN FUND BALANCES,GOVERNMENTAL FUNDS,General,Receipts,,,Contributions and Donations,,Total Receipts
STATEMENT OF CASH RECEIPTS DISBURSEMENTS AND CHANGES IN FUND BALANCES,GOVERNMENTAL FUNDS,General,Receipts,,,Other Receipts,,Total Receipts
STATEMENT OF CASH RECEIPTS DISBURSEMENTS AND CHANGES IN FUND BALANCES,GOVERNMENTAL FUNDS,General,Receipts,,,,Total Receipts,Excess of Receipts Over Under Disbursement
STATEMENT OF CASH RECEIPTS DISBURSEMENTS AND CHANGES IN FUND BALANCES,GOVERNMENTAL FUNDS,General,Disbursements,Current,Security of Persons and Property,Police,,Total Disbursements
STATEMENT OF CASH RECEIPTS DISBURSEMENTS AND CHANGES IN FUND BALANCES,GOVERNMENTAL FUNDS,General,Disbursements,Current,Security of Persons and Property,Fire,,Total Disbursements
STATEMENT OF CASH RECEIPTS DISBURSEMENTS AND CHANGES IN FUND BALANCES,GOVERNMENTAL FUNDS,General,Disbursements,Current,Security of Persons and Property,Other,,Total Disbursements
STATEMENT OF CASH RECEIPTS DISBURSEMENTS AND CHANGES IN FUND BALANCES,GOVERNMENTAL FUNDS,General,Disbursements,Current,,Public Services,,Total Disbursements
STATEMENT OF CASH RECEIPTS DISBURSEMENTS AND CHANGES IN FUND BALANCES,GOVERNMENTAL FUNDS,General,Disbursements,Current,,Public Health,,Total Disbursements
STATEMENT OF CASH RECEIPTS DISBURSEMENTS AND CHANGES IN FUND BALANCES,GOVERNMENTAL FUNDS,General,Disbursements,Current,,Leisure Time Activities,,Total Disbursements
STATEMENT OF CASH RECEIPTS DISBURSEMENTS AND CHANGES IN FUND BALANCES,GOVERNMENTAL FUNDS,General,Disbursements,Current,,Community and Econcomic Development,,Total Disbursements
STATEMENT OF CASH RECEIPTS DISBURSEMENTS AND CHANGES IN FUND BALANCES,GOVERNMENTAL FUNDS,General,Disbursements,Current,,Basic Utility Service,,Total Disbursements
STATEMENT OF CASH RECEIPTS DISBURSEMENTS AND CHANGES IN FUND BALANCES,GOVERNMENTAL FUNDS,General,Disbursements,Current,,Public Works,,Total Disbursements
STATEMENT OF CASH RECEIPTS DISBURSEMENTS AND CHANGES IN FUND BALANCES,GOVERNMENTAL FUNDS,General,Disbursements,Current,,Transportation,,Total Disbursements
STATEMENT OF CASH RECEIPTS DISBURSEMENTS AND CHANGES IN FUND BALANCES,GOVERNMENTAL FUNDS,General,Disbursements,Current,,General Government,,Total Disbursements
STATEMENT OF CASH RECEIPTS DISBURSEMENTS AND CHANGES IN FUND BALANCES,GOVERNMENTAL FUNDS,General,Disbursements,Current,,Intergovernmental,,Total Disbursements
STATEMENT OF CASH RECEIPTS DISBURSEMENTS AND CHANGES IN FUND BALANCES,GOVERNMENTAL FUNDS,General,Disbursements,,,Capital Outlay,,Total Disbursements
STATEMENT OF CASH RECEIPTS DISBURSEMENTS AND CHANGES IN FUND BALANCES,GOVERNMENTAL FUNDS,General,Disbursements,Debt Service,,Principal Retirement,,Total Disbursements
STATEMENT OF CASH RECEIPTS DISBURSEMENTS AND CHANGES IN FUND BALANCES,GOVERNMENTAL FUNDS,General,Disbursements,Debt Service,,Interest and Fiscal Charges,,Total Disbursements
STATEMENT OF CASH RECEIPTS DISBURSEMENTS AND CHANGES IN FUND BALANCES,GOVERNMENTAL FUNDS,General,Disbursements,Debt Service,,Bond Issuance Costs,,Total Disbursements
STATEMENT OF CASH RECEIPTS DISBURSEMENTS AND CHANGES IN FUND BALANCES,GOVERNMENTAL FUNDS,General,Disbursements,Debt Service,,Other,,Total Disbursements
STATEMENT OF CASH RECEIPTS DISBURSEMENTS AND CHANGES IN FUND BALANCES,GOVERNMENTAL FUNDS,General,Disbursements,,,Other Disbursements,,Total Disbursements
STATEMENT OF CASH RECEIPTS DISBURSEMENTS AND CHANGES IN FUND BALANCES,GOVERNMENTAL FUNDS,General,Disbursements,,,,Total Disbursements,Excess of Receipts Over Under Disbursement
STATEMENT OF CASH RECEIPTS DISBURSEMENTS AND CHANGES IN FUND BALANCES,GOVERNMENTAL FUNDS,General,,,,,Excess of Receipts Over Under Disbursement,Net Change in Fund Balances
STATEMENT OF CASH RECEIPTS DISBURSEMENTS AND CHANGES IN FUND BALANCES,GOVERNMENTAL FUNDS,General,Other Financing Sources Uses,,,Sale of Capital Assets,,Total Other Financing Sources Uses
STATEMENT OF CASH RECEIPTS DISBURSEMENTS AND CHANGES IN FUND BALANCES,GOVERNMENTAL FUNDS,General,Other Financing Sources Uses,,,General Obligation Bonds Issued,,Total Other Financing Sources Uses
STATEMENT OF CASH RECEIPTS DISBURSEMENTS AND CHANGES IN FUND BALANCES,GOVERNMENTAL FUNDS,General,Other Financing Sources Uses,,,Refunding Bonds Issued,,Total Other Financing Sources Uses
STATEMENT OF CASH RECEIPTS DISBURSEMENTS AND CHANGES IN FUND BALANCES,GOVERNMENTAL FUNDS,General,Other Financing Sources Uses,,,Other Debt Proceeds,,Total Other Financing Sources Uses
STATEMENT OF CASH RECEIPTS DISBURSEMENTS AND CHANGES IN FUND BALANCES,GOVERNMENTAL FUNDS,General,Other Financing Sources Uses,,,Payment to Refunded Bond Escrow Agent,,Total Other Financing Sources Uses
STATEMENT OF CASH RECEIPTS DISBURSEMENTS AND CHANGES IN FUND BALANCES,GOVERNMENTAL FUNDS,General,Other Financing Sources Uses,,,Transfers In,,Total Other Financing Sources Uses
STATEMENT OF CASH RECEIPTS DISBURSEMENTS AND CHANGES IN FUND BALANCES,GOVERNMENTAL FUNDS,General,Other Financing Sources Uses,,,Transfers Out,,Total Other Financing Sources Uses
STATEMENT OF CASH RECEIPTS DISBURSEMENTS AND CHANGES IN FUND BALANCES,GOVERNMENTAL FUNDS,General,Other Financing Sources Uses,,,Advances In,,Total Other Financing Sources Uses
STATEMENT OF CASH RECEIPTS DISBURSEMENTS AND CHANGES IN FUND BALANCES,GOVERNMENTAL FUNDS,General,Other Financing Sources Uses,,,Advances Out,,Total Other Financing Sources Uses
STATEMENT OF CASH RECEIPTS DISBURSEMENTS AND CHANGES IN FUND BALANCES,GOVERNMENTAL FUNDS,General,Other Financing Sources Uses,,,Other Financing Sources,,Total Other Financing Sources Uses
STATEMENT OF CASH RECEIPTS DISBURSEMENTS AND CHANGES IN FUND BALANCES,GOVERNMENTAL FUNDS,General,Other Financing Sources Uses,,,Other Financing Uses,,Total Other Financing Sources Uses
STATEMENT OF CASH RECEIPTS DISBURSEMENTS AND CHANGES IN FUND BALANCES,GOVERNMENTAL FUNDS,General,Other Financing Sources Uses,,,,Total Other Financing Sources Uses,Net Change in Fund Balances
STATEMENT OF CASH RECEIPTS DISBURSEMENTS AND CHANGES IN FUND BALANCES,GOVERNMENTAL FUNDS,General,Special and Extraordinary Items,,,Special Item,,Total Special and Extraordinary Items
STATEMENT OF CASH RECEIPTS DISBURSEMENTS AND CHANGES IN FUND BALANCES,GOVERNMENTAL FUNDS,General,Special and Extraordinary Items,,,Extraordinary Item,,Total Special and Extraordinary Items
STATEMENT OF CASH RECEIPTS DISBURSEMENTS AND CHANGES IN FUND BALANCES,GOVERNMENTAL FUNDS,General,Special and Extraordinary Items,,,,Total Special and Extraordinary Items,Net Change in Fund Balances
STATEMENT OF CASH RECEIPTS DISBURSEMENTS AND CHANGES IN FUND BALANCES,GOVERNMENTAL FUNDS,General,,,,,Net Change in Fund Balances,
STATEMENT OF CASH RECEIPTS DISBURSEMENTS AND CHANGES IN FUND BALANCES,GOVERNMENTAL FUNDS,General,,,,Fund Balances Beginning of Year,,
STATEMENT OF CASH RECEIPTS DISBURSEMENTS AND CHANGES IN FUND BALANCES,GOVERNMENTAL FUNDS,General,,Fund Balances End of Year,,Nonspendable,,Fund Balances End of Year
STATEMENT OF CASH RECEIPTS DISBURSEMENTS AND CHANGES IN FUND BALANCES,GOVERNMENTAL FUNDS,General,,Fund Balances End of Year,,Restricted,,Fund Balances End of Year
STATEMENT OF CASH RECEIPTS DISBURSEMENTS AND CHANGES IN FUND BALANCES,GOVERNMENTAL FUNDS,General,,Fund Balances End of Year,,Committed,,Fund Balances End of Year
STATEMENT OF CASH RECEIPTS DISBURSEMENTS AND CHANGES IN FUND BALANCES,GOVERNMENTAL FUNDS,General,,Fund Balances End of Year,,Assigned,,Fund Balances End of Year
STATEMENT OF CASH RECEIPTS DISBURSEMENTS AND CHANGES IN FUND BALANCES,GOVERNMENTAL FUNDS,General,,Fund Balances End of Year,,Unassigned Deficit,,Fund Balances End of Year
STATEMENT OF CASH RECEIPTS DISBURSEMENTS AND CHANGES IN FUND BALANCES,GOVERNMENTAL FUNDS,General,,Fund Balances End of Year,,,Fund Balances End of Year,
STATEMENT OF CASH RECEIPTS DISBURSEMENTS AND CHANGES IN FUND BALANCES,GOVERNMENTAL FUNDS,Total Governmental Funds,Receipts,,,Property Taxes,,Total Receipts
STATEMENT OF CASH RECEIPTS DISBURSEMENTS AND CHANGES IN FUND BALANCES,GOVERNMENTAL FUNDS,Total Governmental Funds,Receipts,,,Income Taxes,,Total Receipts
STATEMENT OF CASH RECEIPTS DISBURSEMENTS AND CHANGES IN FUND BALANCES,GOVERNMENTAL FUNDS,Total Governmental Funds,Receipts,,,Special Assessments,,Total Receipts
STATEMENT OF CASH RECEIPTS DISBURSEMENTS AND CHANGES IN FUND BALANCES,GOVERNMENTAL FUNDS,Total Governmental Funds,Receipts,,,Intergovernmental,,Total Receipts
STATEMENT OF CASH RECEIPTS DISBURSEMENTS AND CHANGES IN FUND BALANCES,GOVERNMENTAL FUNDS,Total Governmental Funds,Receipts,,,Interest,,Total Receipts
STATEMENT OF CASH RECEIPTS DISBURSEMENTS AND CHANGES IN FUND BALANCES,GOVERNMENTAL FUNDS,Total Governmental Funds,Receipts,,,Licenses and Permits,,Total Receipts
STATEMENT OF CASH RECEIPTS DISBURSEMENTS AND CHANGES IN FUND BALANCES,GOVERNMENTAL FUNDS,Total Governmental Funds,Receipts,,,Fines and Forfeitures,,Total Receipts
STATEMENT OF CASH RECEIPTS DISBURSEMENTS AND CHANGES IN FUND BALANCES,GOVERNMENTAL FUNDS,Total Governmental Funds,Receipts,,,Rentals,,Total Receipts
STATEMENT OF CASH RECEIPTS DISBURSEMENTS AND CHANGES IN FUND BALANCES,GOVERNMENTAL FUNDS,Total Governmental Funds,Receipts,,,Charges for Services,,Total Receipts
STATEMENT OF CASH RECEIPTS DISBURSEMENTS AND CHANGES IN FUND BALANCES,GOVERNMENTAL FUNDS,Total Governmental Funds,Receipts,,,Contributions and Donations,,Total Receipts
STATEMENT OF CASH RECEIPTS DISBURSEMENTS AND CHANGES IN FUND BALANCES,GOVERNMENTAL FUNDS,Total Governmental Funds,Receipts,,,Other Receipts,,Total Receipts
STATEMENT OF CASH RECEIPTS DISBURSEMENTS AND CHANGES IN FUND BALANCES,GOVERNMENTAL FUNDS,Total Governmental Funds,Receipts,,,,Total Receipts,Excess of Receipts Over Under Disbursement
STATEMENT OF CASH RECEIPTS DISBURSEMENTS AND CHANGES IN FUND BALANCES,GOVERNMENTAL FUNDS,Total Governmental Funds,Disbursements,Current,Security of Persons and Property,Police,,Total Disbursements
STATEMENT OF CASH RECEIPTS DISBURSEMENTS AND CHANGES IN FUND BALANCES,GOVERNMENTAL FUNDS,Total Governmental Funds,Disbursements,Current,Security of Persons and Property,Fire,,Total Disbursements
STATEMENT OF CASH RECEIPTS DISBURSEMENTS AND CHANGES IN FUND BALANCES,GOVERNMENTAL FUNDS,Total Governmental Funds,Disbursements,Current,Security of Persons and Property,Other,,Total Disbursements
STATEMENT OF CASH RECEIPTS DISBURSEMENTS AND CHANGES IN FUND BALANCES,GOVERNMENTAL FUNDS,Total Governmental Funds,Disbursements,Current,,Public Services,,Total Disbursements
STATEMENT OF CASH RECEIPTS DISBURSEMENTS AND CHANGES IN FUND BALANCES,GOVERNMENTAL FUNDS,Total Governmental Funds,Disbursements,Current,,Public Health,,Total Disbursements
STATEMENT OF CASH RECEIPTS DISBURSEMENTS AND CHANGES IN FUND BALANCES,GOVERNMENTAL FUNDS,Total Governmental Funds,Disbursements,Current,,Leisure Time Activities,,Total Disbursements
STATEMENT OF CASH RECEIPTS DISBURSEMENTS AND CHANGES IN FUND BALANCES,GOVERNMENTAL FUNDS,Total Governmental Funds,Disbursements,Current,,Community and Econcomic Development,,Total Disbursements
STATEMENT OF CASH RECEIPTS DISBURSEMENTS AND CHANGES IN FUND BALANCES,GOVERNMENTAL FUNDS,Total Governmental Funds,Disbursements,Current,,Basic Utility Service,,Total Disbursements
STATEMENT OF CASH RECEIPTS DISBURSEMENTS AND CHANGES IN FUND BALANCES,GOVERNMENTAL FUNDS,Total Governmental Funds,Disbursements,Current,,Public Works,,Total Disbursements
STATEMENT OF CASH RECEIPTS DISBURSEMENTS AND CHANGES IN FUND BALANCES,GOVERNMENTAL FUNDS,Total Governmental Funds,Disbursements,Current,,Transportation,,Total Disbursements
STATEMENT OF CASH RECEIPTS DISBURSEMENTS AND CHANGES IN FUND BALANCES,GOVERNMENTAL FUNDS,Total Governmental Funds,Disbursements,Current,,General Government,,Total Disbursements
STATEMENT OF CASH RECEIPTS DISBURSEMENTS AND CHANGES IN FUND BALANCES,GOVERNMENTAL FUNDS,Total Governmental Funds,Disbursements,Current,,Intergovernmental,,Total Disbursements
STATEMENT OF CASH RECEIPTS DISBURSEMENTS AND CHANGES IN FUND BALANCES,GOVERNMENTAL FUNDS,Total Governmental Funds,Disbursements,,,Capital Outlay,,Total Disbursements
STATEMENT OF CASH RECEIPTS DISBURSEMENTS AND CHANGES IN FUND BALANCES,GOVERNMENTAL FUNDS,Total Governmental Funds,Disbursements,Debt Service,,Principal Retirement,,Total Disbursements
STATEMENT OF CASH RECEIPTS DISBURSEMENTS AND CHANGES IN FUND BALANCES,GOVERNMENTAL FUNDS,Total Governmental Funds,Disbursements,Debt Service,,Interest and Fiscal Charges,,Total Disbursements
STATEMENT OF CASH RECEIPTS DISBURSEMENTS AND CHANGES IN FUND BALANCES,GOVERNMENTAL FUNDS,Total Governmental Funds,Disbursements,Debt Service,,Bond Issuance Costs,,Total Disbursements
STATEMENT OF CASH RECEIPTS DISBURSEMENTS AND CHANGES IN FUND BALANCES,GOVERNMENTAL FUNDS,Total Governmental Funds,Disbursements,Debt Service,,Other,,Total Disbursements
STATEMENT OF CASH RECEIPTS DISBURSEMENTS AND CHANGES IN FUND BALANCES,GOVERNMENTAL FUNDS,Total Governmental Funds,Disbursements,,,Other Disbursements,,Total Disbursements
STATEMENT OF CASH RECEIPTS DISBURSEMENTS AND CHANGES IN FUND BALANCES,GOVERNMENTAL FUNDS,Total Governmental Funds,Disbursements,,,,Total Disbursements,Excess of Receipts Over Under Disbursement
STATEMENT OF CASH RECEIPTS DISBURSEMENTS AND CHANGES IN FUND BALANCES,GOVERNMENTAL FUNDS,Total Governmental Funds,,,,,Excess of Receipts Over Under Disbursement,Net Change in Fund Balances
STATEMENT OF CASH RECEIPTS DISBURSEMENTS AND CHANGES IN FUND BALANCES,GOVERNMENTAL FUNDS,Total Governmental Funds,Other Financing Sources Uses,,,Sale of Capital Assets,,Total Other Financing Sources Uses
STATEMENT OF CASH RECEIPTS DISBURSEMENTS AND CHANGES IN FUND BALANCES,GOVERNMENTAL FUNDS,Total Governmental Funds,Other Financing Sources Uses,,,General Obligation Bonds Issued,,Total Other Financing Sources Uses
STATEMENT OF CASH RECEIPTS DISBURSEMENTS AND CHANGES IN FUND BALANCES,GOVERNMENTAL FUNDS,Total Governmental Funds,Other Financing Sources Uses,,,Refunding Bonds Issued,,Total Other Financing Sources Uses
STATEMENT OF CASH RECEIPTS DISBURSEMENTS AND CHANGES IN FUND BALANCES,GOVERNMENTAL FUNDS,Total Governmental Funds,Other Financing Sources Uses,,,Other Debt Proceeds,,Total Other Financing Sources Uses
STATEMENT OF CASH RECEIPTS DISBURSEMENTS AND CHANGES IN FUND BALANCES,GOVERNMENTAL FUNDS,Total Governmental Funds,Other Financing Sources Uses,,,Payment to Refunded Bond Escrow Agent,,Total Other Financing Sources Uses
STATEMENT OF CASH RECEIPTS DISBURSEMENTS AND CHANGES IN FUND BALANCES,GOVERNMENTAL FUNDS,Total Governmental Funds,Other Financing Sources Uses,,,Transfers In,,Total Other Financing Sources Uses
STATEMENT OF CASH RECEIPTS DISBURSEMENTS AND CHANGES IN FUND BALANCES,GOVERNMENTAL FUNDS,Total Governmental Funds,Other Financing Sources Uses,,,Transfers Out,,Total Other Financing Sources Uses
STATEMENT OF CASH RECEIPTS DISBURSEMENTS AND CHANGES IN FUND BALANCES,GOVERNMENTAL FUNDS,Total Governmental Funds,Other Financing Sources Uses,,,Advances In,,Total Other Financing Sources Uses
STATEMENT OF CASH RECEIPTS DISBURSEMENTS AND CHANGES IN FUND BALANCES,GOVERNMENTAL FUNDS,Total Governmental Funds,Other Financing Sources Uses,,,Advances Out,,Total Other Financing Sources Uses
STATEMENT OF CASH RECEIPTS DISBURSEMENTS AND CHANGES IN FUND BALANCES,GOVERNMENTAL FUNDS,Total Governmental Funds,Other Financing Sources Uses,,,Other Financing Sources,,Total Other Financing Sources Uses
STATEMENT OF CASH RECEIPTS DISBURSEMENTS AND CHANGES IN FUND BALANCES,GOVERNMENTAL FUNDS,Total Governmental Funds,Other Financing Sources Uses,,,Other Financing Uses,,Total Other Financing Sources Uses
STATEMENT OF CASH RECEIPTS DISBURSEMENTS AND CHANGES IN FUND BALANCES,GOVERNMENTAL FUNDS,Total Governmental Funds,Other Financing Sources Uses,,,,Total Other Financing Sources Uses,Net Change in Fund Balances
STATEMENT OF CASH RECEIPTS DISBURSEMENTS AND CHANGES IN FUND BALANCES,GOVERNMENTAL FUNDS,Total Governmental Funds,Special and Extraordinary Items,,,Special Item,,Total Special and Extraordinary Items
STATEMENT OF CASH RECEIPTS DISBURSEMENTS AND CHANGES IN FUND BALANCES,GOVERNMENTAL FUNDS,Total Governmental Funds,Special and Extraordinary Items,,,Extraordinary Item,,Total Special and Extraordinary Items
STATEMENT OF CASH RECEIPTS DISBURSEMENTS AND CHANGES IN FUND BALANCES,GOVERNMENTAL FUNDS,Total Governmental Funds,Special and Extraordinary Items,,,,Total Special and Extraordinary Items,Net Change in Fund Balances
STATEMENT OF CASH RECEIPTS DISBURSEMENTS AND CHANGES IN FUND BALANCES,GOVERNMENTAL FUNDS,Total Governmental Funds,,,,,Net Change in Fund Balances,
STATEMENT OF CASH RECEIPTS DISBURSEMENTS AND CHANGES IN FUND BALANCES,GOVERNMENTAL FUNDS,Total Governmental Funds,,,,Fund Balances Beginning of Year,,
STATEMENT OF CASH RECEIPTS DISBURSEMENTS AND CHANGES IN FUND BALANCES,GOVERNMENTAL FUNDS,Total Governmental Funds,,Fund Balances End of Year,,Nonspendable,,Fund Balances End of Year
STATEMENT OF CASH RECEIPTS DISBURSEMENTS AND CHANGES IN FUND BALANCES,GOVERNMENTAL FUNDS,Total Governmental Funds,,Fund Balances End of Year,,Restricted,,Fund Balances End of Year
STATEMENT OF CASH RECEIPTS DISBURSEMENTS AND CHANGES IN FUND BALANCES,GOVERNMENTAL FUNDS,Total Governmental Funds,,Fund Balances End of Year,,Committed,,Fund Balances End of Year
STATEMENT OF CASH RECEIPTS DISBURSEMENTS AND CHANGES IN FUND BALANCES,GOVERNMENTAL FUNDS,Total Governmental Funds,,Fund Balances End of Year,,Assigned,,Fund Balances End of Year
STATEMENT OF CASH RECEIPTS DISBURSEMENTS AND CHANGES IN FUND BALANCES,GOVERNMENTAL FUNDS,Total Governmental Funds,,Fund Balances End of Year,,Unassigned Deficit,,Fund Balances End of Year
STATEMENT OF CASH RECEIPTS DISBURSEMENTS AND CHANGES IN FUND BALANCES,GOVERNMENTAL FUNDS,Total Governmental Funds,,Fund Balances End of Year,,,Fund Balances End of Year,
STATEMENT OF CASH RECEIPTS DISBURSEMENTS AND CHANGES IN FUND BALANCES NET POSITION,PROPRIETARY FUNDS,Enterprise Funds Water,Operating Receipts,,,Sales,,Total Operating Receipts
STATEMENT OF CASH RECEIPTS DISBURSEMENTS AND CHANGES IN FUND BALANCES NET POSITION,PROPRIETARY FUNDS,Enterprise Funds Water,Operating Receipts,,,Charges for Services,,Total Operating Receipts
STATEMENT OF CASH RECEIPTS DISBURSEMENTS AND CHANGES IN FUND BALANCES NET POSITION,PROPRIETARY FUNDS,Enterprise Funds Water,Operating Receipts,,,Miscellaneous,,Total Operating Receipts
STATEMENT OF CASH RECEIPTS DISBURSEMENTS AND CHANGES IN FUND BALANCES NET POSITION,PROPRIETARY FUNDS,Enterprise Funds Water,Operating Receipts,,,Other Receipts,,Total Operating Receipts
STATEMENT OF CASH RECEIPTS DISBURSEMENTS AND CHANGES IN FUND BALANCES NET POSITION,PROPRIETARY FUNDS,Enterprise Funds Water,Operating Receipts,,,,Total Operating Receipts,Operating Income Loss
STATEMENT OF CASH RECEIPTS DISBURSEMENTS AND CHANGES IN FUND BALANCES NET POSITION,PROPRIETARY FUNDS,Enterprise Funds Water,Operating Disbursements,,,Salaries,,Total Operating Disbursements
STATEMENT OF CASH RECEIPTS DISBURSEMENTS AND CHANGES IN FUND BALANCES NET POSITION,PROPRIETARY FUNDS,Enterprise Funds Water,Operating Disbursements,,,Fringe Benefits,,Total Operating Disbursements
STATEMENT OF CASH RECEIPTS DISBURSEMENTS AND CHANGES IN FUND BALANCES NET POSITION,PROPRIETARY FUNDS,Enterprise Funds Water,Operating Disbursements,,,Purchased Services,,Total Operating Disbursements
STATEMENT OF CASH RECEIPTS DISBURSEMENTS AND CHANGES IN FUND BALANCES NET POSITION,PROPRIETARY FUNDS,Enterprise Funds Water,Operating Disbursements,,,Materials and Supplies,,Total Operating Disbursements
STATEMENT OF CASH RECEIPTS DISBURSEMENTS AND CHANGES IN FUND BALANCES NET POSITION,PROPRIETARY FUNDS,Enterprise Funds Water,Operating Disbursements,,,Cost of Sales,,Total Operating Disbursements
STATEMENT OF CASH RECEIPTS DISBURSEMENTS AND CHANGES IN FUND BALANCES NET POSITION,PROPRIETARY FUNDS,Enterprise Funds Water,Operating Disbursements,,,Claims,,Total Operating Disbursements
STATEMENT OF CASH RECEIPTS DISBURSEMENTS AND CHANGES IN FUND BALANCES NET POSITION,PROPRIETARY FUNDS,Enterprise Funds Water,Operating Disbursements,,,Other Disbursements,,Total Operating Disbursements
STATEMENT OF CASH RECEIPTS DISBURSEMENTS AND CHANGES IN FUND BALANCES NET POSITION,PROPRIETARY FUNDS,Enterprise Funds Water,Operating Disbursements,,,,Total Operating Disbursements,Operating Income Loss
STATEMENT OF CASH RECEIPTS DISBURSEMENTS AND CHANGES IN FUND BALANCES NET POSITION,PROPRIETARY FUNDS,Enterprise Funds Water,,,,,Operating Income Loss,Income Loss before Capital Contributions Special and Extraordinary Items and Transfers
STATEMENT OF CASH RECEIPTS DISBURSEMENTS AND CHANGES IN FUND BALANCES NET POSITION,PROPRIETARY FUNDS,Enterprise Funds Water,Non Operating Receipts Disbursements,,,Property and Other Local Taxes,,Total Non Operating Receipts Disbursements
STATEMENT OF CASH RECEIPTS DISBURSEMENTS AND CHANGES IN FUND BALANCES NET POSITION,PROPRIETARY FUNDS,Enterprise Funds Water,Non Operating Receipts Disbursements,,,Intergovernmental,,Total Non Operating Receipts Disbursements
STATEMENT OF CASH RECEIPTS DISBURSEMENTS AND CHANGES IN FUND BALANCES NET POSITION,PROPRIETARY FUNDS,Enterprise Funds Water,Non Operating Receipts Disbursements,,,Special Assessments,,Total Non Operating Receipts Disbursements
STATEMENT OF CASH RECEIPTS DISBURSEMENTS AND CHANGES IN FUND BALANCES NET POSITION,PROPRIETARY FUNDS,Enterprise Funds Water,Non Operating Receipts Disbursements,,,Payments in Lieu of Taxes,,Total Non Operating Receipts Disbursements
STATEMENT OF CASH RECEIPTS DISBURSEMENTS AND CHANGES IN FUND BALANCES NET POSITION,PROPRIETARY FUNDS,Enterprise Funds Water,Non Operating Receipts Disbursements,,,Earnings on Investments,,Total Non Operating Receipts Disbursements
STATEMENT OF CASH RECEIPTS DISBURSEMENTS AND CHANGES IN FUND BALANCES NET POSITION,PROPRIETARY FUNDS,Enterprise Funds Water,Non Operating Receipts Disbursements,,,Sale of Bonds,,Total Non Operating Receipts Disbursements
STATEMENT OF CASH RECEIPTS DISBURSEMENTS AND CHANGES IN FUND BALANCES NET POSITION,PROPRIETARY FUNDS,Enterprise Funds Water,Non Operating Receipts Disbursements,,,Sale of Notes,,Total Non Operating Receipts Disbursements
STATEMENT OF CASH RECEIPTS DISBURSEMENTS AND CHANGES IN FUND BALANCES NET POSITION,PROPRIETARY FUNDS,Enterprise Funds Water,Non Operating Receipts Disbursements,,,Other Debt Proceeds,,Total Non Operating Receipts Disbursements
STATEMENT OF CASH RECEIPTS DISBURSEMENTS AND CHANGES IN FUND BALANCES NET POSITION,PROPRIETARY FUNDS,Enterprise Funds Water,Non Operating Receipts Disbursements,,,Sale of Capital Assets,,Total Non Operating Receipts Disbursements
STATEMENT OF CASH RECEIPTS DISBURSEMENTS AND CHANGES IN FUND BALANCES NET POSITION,PROPRIETARY FUNDS,Enterprise Funds Water,Non Operating Receipts Disbursements,,,Miscellaneous Receipts,,Total Non Operating Receipts Disbursements
STATEMENT OF CASH RECEIPTS DISBURSEMENTS AND CHANGES IN FUND BALANCES NET POSITION,PROPRIETARY FUNDS,Enterprise Funds Water,Non Operating Receipts Disbursements,,,Capital Outlay,,Total Non Operating Receipts Disbursements
STATEMENT OF CASH RECEIPTS DISBURSEMENTS AND CHANGES IN FUND BALANCES NET POSITION,PROPRIETARY FUNDS,Enterprise Funds Water,Non Operating Receipts Disbursements,,,Redemption of Principal,,Total Non Operating Receipts Disbursements
STATEMENT OF CASH RECEIPTS DISBURSEMENTS AND CHANGES IN FUND BALANCES NET POSITION,PROPRIETARY FUNDS,Enterprise Funds Water,Non Operating Receipts Disbursements,,,Interest and Other Fiscal Charges,,Total Non Operating Receipts Disbursements
STATEMENT OF CASH RECEIPTS DISBURSEMENTS AND CHANGES IN FUND BALANCES NET POSITION,PROPRIETARY FUNDS,Enterprise Funds Water,Non Operating Receipts Disbursements,,,Issuance Costs,,Total Non Operating Receipts Disbursements
STATEMENT OF CASH RECEIPTS DISBURSEMENTS AND CHANGES IN FUND BALANCES NET POSITION,PROPRIETARY FUNDS,Enterprise Funds Water,Non Operating Receipts Disbursements,,,Other Non Operating Receipts,,Total Non Operating Receipts Disbursements
STATEMENT OF CASH RECEIPTS DISBURSEMENTS AND CHANGES IN FUND BALANCES NET POSITION,PROPRIETARY FUNDS,Enterprise Funds Water,Non Operating Receipts Disbursements,,,Other Non Operating Cash Disbursements,,Total Non Operating Receipts Disbursements
STATEMENT OF CASH RECEIPTS DISBURSEMENTS AND CHANGES IN FUND BALANCES NET POSITION,PROPRIETARY FUNDS,Enterprise Funds Water,Non Operating Receipts Disbursements,,,,Total Non Operating Receipts Disbursements,Income Loss before Capital Contributions Special and Extraordinary Items and Transfers
STATEMENT OF CASH RECEIPTS DISBURSEMENTS AND CHANGES IN FUND BALANCES NET POSITION,PROPRIETARY FUNDS,Enterprise Funds Water,,,,,Income Loss before Capital Contributions Special and Extraordinary Items and Transfers,Change in Fund Balances Net Position
STATEMENT OF CASH RECEIPTS DISBURSEMENTS AND CHANGES IN FUND BALANCES NET POSITION,PROPRIETARY FUNDS,Enterprise Funds Water,,,,Special Items,,Change in Fund Balances Net Position
STATEMENT OF CASH RECEIPTS DISBURSEMENTS AND CHANGES IN FUND BALANCES NET POSITION,PROPRIETARY FUNDS,Enterprise Funds Water,,,,Extraordinary Items,,Change in Fund Balances Net Position
STATEMENT OF CASH RECEIPTS DISBURSEMENTS AND CHANGES IN FUND BALANCES NET POSITION,PROPRIETARY FUNDS,Enterprise Funds Water,,,,Transfers In,,Change in Fund Balances Net Position
STATEMENT OF CASH RECEIPTS DISBURSEMENTS AND CHANGES IN FUND BALANCES NET POSITION,PROPRIETARY FUNDS,Enterprise Funds Water,,,,Transfers Out,,Change in Fund Balances Net Position
STATEMENT OF CASH RECEIPTS DISBURSEMENTS AND CHANGES IN FUND BALANCES NET POSITION,PROPRIETARY FUNDS,Enterprise Funds Water,,,,Advances In,,Change in Fund Balances Net Position
STATEMENT OF CASH RECEIPTS DISBURSEMENTS AND CHANGES IN FUND BALANCES NET POSITION,PROPRIETARY FUNDS,Enterprise Funds Water,,,,Advances Out,,Change in Fund Balances Net Position
STATEMENT OF CASH RECEIPTS DISBURSEMENTS AND CHANGES IN FUND BALANCES NET POSITION,PROPRIETARY FUNDS,Enterprise Funds Water,,,,,Change in Fund Balances Net Position,Fund Balances Net Position End of Year
STATEMENT OF CASH RECEIPTS DISBURSEMENTS AND CHANGES IN FUND BALANCES NET POSITION,PROPRIETARY FUNDS,Enterprise Funds Water,,,,Fund Balances Net Position Beginning of Year,,Fund Balances Net Position End of Year
STATEMENT OF CASH RECEIPTS DISBURSEMENTS AND CHANGES IN FUND BALANCES NET POSITION,PROPRIETARY FUNDS,Enterprise Funds Water,,,,,Fund Balances Net Position End of Year,
STATEMENT OF CASH RECEIPTS DISBURSEMENTS AND CHANGES IN FUND BALANCES NET POSITION,PROPRIETARY FUNDS,Enterprise Funds Sewer,Operating Receipts,,,Sales,,Total Operating Receipts
STATEMENT OF CASH RECEIPTS DISBURSEMENTS AND CHANGES IN FUND BALANCES NET POSITION,PROPRIETARY FUNDS,Enterprise Funds Sewer,Operating Receipts,,,Charges for Services,,Total Operating Receipts
STATEMENT OF CASH RECEIPTS DISBURSEMENTS AND CHANGES IN FUND BALANCES NET POSITION,PROPRIETARY FUNDS,Enterprise Funds Sewer,Operating Receipts,,,Miscellaneous,,Total Operating Receipts
STATEMENT OF CASH RECEIPTS DISBURSEMENTS AND CHANGES IN FUND BALANCES NET POSITION,PROPRIETARY FUNDS,Enterprise Funds Sewer,Operating Receipts,,,Other Receipts,,Total Operating Receipts
STATEMENT OF CASH RECEIPTS DISBURSEMENTS AND CHANGES IN FUND BALANCES NET POSITION,PROPRIETARY FUNDS,Enterprise Funds Sewer,Operating Receipts,,,,Total Operating Receipts,Operating Income Loss
STATEMENT OF CASH RECEIPTS DISBURSEMENTS AND CHANGES IN FUND BALANCES NET POSITION,PROPRIETARY FUNDS,Enterprise Funds Sewer,Operating Disbursements,,,Salaries,,Total  Operating Disbursements
STATEMENT OF CASH RECEIPTS DISBURSEMENTS AND CHANGES IN FUND BALANCES NET POSITION,PROPRIETARY FUNDS,Enterprise Funds Sewer,Operating Disbursements,,,Fringe Benefits,,Total  Operating Disbursements
STATEMENT OF CASH RECEIPTS DISBURSEMENTS AND CHANGES IN FUND BALANCES NET POSITION,PROPRIETARY FUNDS,Enterprise Funds Sewer,Operating Disbursements,,,Purchased Services,,Total  Operating Disbursements
STATEMENT OF CASH RECEIPTS DISBURSEMENTS AND CHANGES IN FUND BALANCES NET POSITION,PROPRIETARY FUNDS,Enterprise Funds Sewer,Operating Disbursements,,,Materials and Supplies,,Total  Operating Disbursements
STATEMENT OF CASH RECEIPTS DISBURSEMENTS AND CHANGES IN FUND BALANCES NET POSITION,PROPRIETARY FUNDS,Enterprise Funds Sewer,Operating Disbursements,,,Cost of Sales,,Total  Operating Disbursements
STATEMENT OF CASH RECEIPTS DISBURSEMENTS AND CHANGES IN FUND BALANCES NET POSITION,PROPRIETARY FUNDS,Enterprise Funds Sewer,Operating Disbursements,,,Claims,,Total  Operating Disbursements
STATEMENT OF CASH RECEIPTS DISBURSEMENTS AND CHANGES IN FUND BALANCES NET POSITION,PROPRIETARY FUNDS,Enterprise Funds Sewer,Operating Disbursements,,,Other Disbursements,,Total  Operating Disbursements
STATEMENT OF CASH RECEIPTS DISBURSEMENTS AND CHANGES IN FUND BALANCES NET POSITION,PROPRIETARY FUNDS,Enterprise Funds Sewer,Operating Disbursements,,,,Total  Operating Disbursements,Operating Income Loss
STATEMENT OF CASH RECEIPTS DISBURSEMENTS AND CHANGES IN FUND BALANCES NET POSITION,PROPRIETARY FUNDS,Enterprise Funds Sewer,,,,,Operating Income Loss,Income Loss before Capital Contributions Special and Extraordinary Items and Transfers
STATEMENT OF CASH RECEIPTS DISBURSEMENTS AND CHANGES IN FUND BALANCES NET POSITION,PROPRIETARY FUNDS,Enterprise Funds Sewer,Non Operating Receipts Disbursements,,,Property and Other Local Taxes,,Total Non Operating Receipts Disbursements
STATEMENT OF CASH RECEIPTS DISBURSEMENTS AND CHANGES IN FUND BALANCES NET POSITION,PROPRIETARY FUNDS,Enterprise Funds Sewer,Non Operating Receipts Disbursements,,,Intergovernmental,,Total Non Operating Receipts Disbursements
STATEMENT OF CASH RECEIPTS DISBURSEMENTS AND CHANGES IN FUND BALANCES NET POSITION,PROPRIETARY FUNDS,Enterprise Funds Sewer,Non Operating Receipts Disbursements,,,Special Assessments,,Total Non Operating Receipts Disbursements
STATEMENT OF CASH RECEIPTS DISBURSEMENTS AND CHANGES IN FUND BALANCES NET POSITION,PROPRIETARY FUNDS,Enterprise Funds Sewer,Non Operating Receipts Disbursements,,,Payments in Lieu of Taxes,,Total Non Operating Receipts Disbursements
STATEMENT OF CASH RECEIPTS DISBURSEMENTS AND CHANGES IN FUND BALANCES NET POSITION,PROPRIETARY FUNDS,Enterprise Funds Sewer,Non Operating Receipts Disbursements,,,Earnings on Investments,,Total Non Operating Receipts Disbursements
STATEMENT OF CASH RECEIPTS DISBURSEMENTS AND CHANGES IN FUND BALANCES NET POSITION,PROPRIETARY FUNDS,Enterprise Funds Sewer,Non Operating Receipts Disbursements,,,Sale of Bonds,,Total Non Operating Receipts Disbursements
STATEMENT OF CASH RECEIPTS DISBURSEMENTS AND CHANGES IN FUND BALANCES NET POSITION,PROPRIETARY FUNDS,Enterprise Funds Sewer,Non Operating Receipts Disbursements,,,Sale of Notes,,Total Non Operating Receipts Disbursements
STATEMENT OF CASH RECEIPTS DISBURSEMENTS AND CHANGES IN FUND BALANCES NET POSITION,PROPRIETARY FUNDS,Enterprise Funds Sewer,Non Operating Receipts Disbursements,,,Other Debt Proceeds,,Total Non Operating Receipts Disbursements
STATEMENT OF CASH RECEIPTS DISBURSEMENTS AND CHANGES IN FUND BALANCES NET POSITION,PROPRIETARY FUNDS,Enterprise Funds Sewer,Non Operating Receipts Disbursements,,,Sale of Capital Assets,,Total Non Operating Receipts Disbursements
STATEMENT OF CASH RECEIPTS DISBURSEMENTS AND CHANGES IN FUND BALANCES NET POSITION,PROPRIETARY FUNDS,Enterprise Funds Sewer,Non Operating Receipts Disbursements,,,Miscellaneous Receipts,,Total Non Operating Receipts Disbursements
STATEMENT OF CASH RECEIPTS DISBURSEMENTS AND CHANGES IN FUND BALANCES NET POSITION,PROPRIETARY FUNDS,Enterprise Funds Sewer,Non Operating Receipts Disbursements,,,Capital Outlay,,Total Non Operating Receipts Disbursements
STATEMENT OF CASH RECEIPTS DISBURSEMENTS AND CHANGES IN FUND BALANCES NET POSITION,PROPRIETARY FUNDS,Enterprise Funds Sewer,Non Operating Receipts Disbursements,,,Redemption of Principal,,Total Non Operating Receipts Disbursements
STATEMENT OF CASH RECEIPTS DISBURSEMENTS AND CHANGES IN FUND BALANCES NET POSITION,PROPRIETARY FUNDS,Enterprise Funds Sewer,Non Operating Receipts Disbursements,,,Interest and Other Fiscal Charges,,Total Non Operating Receipts Disbursements
STATEMENT OF CASH RECEIPTS DISBURSEMENTS AND CHANGES IN FUND BALANCES NET POSITION,PROPRIETARY FUNDS,Enterprise Funds Sewer,Non Operating Receipts Disbursements,,,Issuance Costs,,Total Non Operating Receipts Disbursements
STATEMENT OF CASH RECEIPTS DISBURSEMENTS AND CHANGES IN FUND BALANCES NET POSITION,PROPRIETARY FUNDS,Enterprise Funds Sewer,Non Operating Receipts Disbursements,,,Other Non Operating Receipts,,Total Non Operating Receipts Disbursements
STATEMENT OF CASH RECEIPTS DISBURSEMENTS AND CHANGES IN FUND BALANCES NET POSITION,PROPRIETARY FUNDS,Enterprise Funds Sewer,Non Operating Receipts Disbursements,,,Other Non Operating Cash Disbursements,,Total Non Operating Receipts Disbursements
STATEMENT OF CASH RECEIPTS DISBURSEMENTS AND CHANGES IN FUND BALANCES NET POSITION,PROPRIETARY FUNDS,Enterprise Funds Sewer,Non Operating Receipts Disbursements,,,,Total Non Operating Receipts Disbursements,Income Loss before Capital Contributions Special and Extraordinary Items and Transfers
STATEMENT OF CASH RECEIPTS DISBURSEMENTS AND CHANGES IN FUND BALANCES NET POSITION,PROPRIETARY FUNDS,Enterprise Funds Sewer,,,,,Income Loss before Capital Contributions Special and Extraordinary Items and Transfers,Change in Fund Balances Net Position
STATEMENT OF CASH RECEIPTS DISBURSEMENTS AND CHANGES IN FUND BALANCES NET POSITION,PROPRIETARY FUNDS,Enterprise Funds Sewer,,,,Special Items,,Change in Fund Balances Net Position
STATEMENT OF CASH RECEIPTS DISBURSEMENTS AND CHANGES IN FUND BALANCES NET POSITION,PROPRIETARY FUNDS,Enterprise Funds Sewer,,,,Extraordinary Items,,Change in Fund Balances Net Position
STATEMENT OF CASH RECEIPTS DISBURSEMENTS AND CHANGES IN FUND BALANCES NET POSITION,PROPRIETARY FUNDS,Enterprise Funds Sewer,,,,Transfers In,,Change in Fund Balances Net Position
STATEMENT OF CASH RECEIPTS DISBURSEMENTS AND CHANGES IN FUND BALANCES NET POSITION,PROPRIETARY FUNDS,Enterprise Funds Sewer,,,,Transfers Out,,Change in Fund Balances Net Position
STATEMENT OF CASH RECEIPTS DISBURSEMENTS AND CHANGES IN FUND BALANCES NET POSITION,PROPRIETARY FUNDS,Enterprise Funds Sewer,,,,Advances In,,Change in Fund Balances Net Position
STATEMENT OF CASH RECEIPTS DISBURSEMENTS AND CHANGES IN FUND BALANCES NET POSITION,PROPRIETARY FUNDS,Enterprise Funds Sewer,,,,Advances Out,,Change in Fund Balances Net Position
STATEMENT OF CASH RECEIPTS DISBURSEMENTS AND CHANGES IN FUND BALANCES NET POSITION,PROPRIETARY FUNDS,Enterprise Funds Sewer,,,,,Change in Fund Balances Net Position,Fund Balances Net Position End of Year
STATEMENT OF CASH RECEIPTS DISBURSEMENTS AND CHANGES IN FUND BALANCES NET POSITION,PROPRIETARY FUNDS,Enterprise Funds Sewer,,,,Fund Balances Net Position Beginning of Year,,Fund Balances Net Position End of Year
STATEMENT OF CASH RECEIPTS DISBURSEMENTS AND CHANGES IN FUND BALANCES NET POSITION,PROPRIETARY FUNDS,Enterprise Funds Sewer,,,,,Fund Balances Net Position End of Year,
STATEMENT OF CASH RECEIPTS DISBURSEMENTS AND CHANGES IN FUND BALANCES NET POSITION,PROPRIETARY FUNDS,Enterprise Funds Electric,Operating Receipts,,,Sales,,Total Operating Receipts
STATEMENT OF CASH RECEIPTS DISBURSEMENTS AND CHANGES IN FUND BALANCES NET POSITION,PROPRIETARY FUNDS,Enterprise Funds Electric,Operating Receipts,,,Charges for Services,,Total Operating Receipts
STATEMENT OF CASH RECEIPTS DISBURSEMENTS AND CHANGES IN FUND BALANCES NET POSITION,PROPRIETARY FUNDS,Enterprise Funds Electric,Operating Receipts,,,Miscellaneous,,Total Operating Receipts
STATEMENT OF CASH RECEIPTS DISBURSEMENTS AND CHANGES IN FUND BALANCES NET POSITION,PROPRIETARY FUNDS,Enterprise Funds Electric,Operating Receipts,,,Other Receipts,,Total Operating Receipts
STATEMENT OF CASH RECEIPTS DISBURSEMENTS AND CHANGES IN FUND BALANCES NET POSITION,PROPRIETARY FUNDS,Enterprise Funds Electric,Operating Receipts,,,,Total Operating Receipts,Operating Income Loss
STATEMENT OF CASH RECEIPTS DISBURSEMENTS AND CHANGES IN FUND BALANCES NET POSITION,PROPRIETARY FUNDS,Enterprise Funds Electric,Operating Disbursements,,,Salaries,,Total Operating Disbursements
STATEMENT OF CASH RECEIPTS DISBURSEMENTS AND CHANGES IN FUND BALANCES NET POSITION,PROPRIETARY FUNDS,Enterprise Funds Electric,Operating Disbursements,,,Fringe Benefits,,Total Operating Disbursements
STATEMENT OF CASH RECEIPTS DISBURSEMENTS AND CHANGES IN FUND BALANCES NET POSITION,PROPRIETARY FUNDS,Enterprise Funds Electric,Operating Disbursements,,,Purchased Services,,Total Operating Disbursements
STATEMENT OF CASH RECEIPTS DISBURSEMENTS AND CHANGES IN FUND BALANCES NET POSITION,PROPRIETARY FUNDS,Enterprise Funds Electric,Operating Disbursements,,,Materials and Supplies,,Total Operating Disbursements
STATEMENT OF CASH RECEIPTS DISBURSEMENTS AND CHANGES IN FUND BALANCES NET POSITION,PROPRIETARY FUNDS,Enterprise Funds Electric,Operating Disbursements,,,Cost of Sales,,Total Operating Disbursements
STATEMENT OF CASH RECEIPTS DISBURSEMENTS AND CHANGES IN FUND BALANCES NET POSITION,PROPRIETARY FUNDS,Enterprise Funds Electric,Operating Disbursements,,,Claims,,Total Operating Disbursements
STATEMENT OF CASH RECEIPTS DISBURSEMENTS AND CHANGES IN FUND BALANCES NET POSITION,PROPRIETARY FUNDS,Enterprise Funds Electric,Operating Disbursements,,,Other Disbursements,,Total Operating Disbursements
STATEMENT OF CASH RECEIPTS DISBURSEMENTS AND CHANGES IN FUND BALANCES NET POSITION,PROPRIETARY FUNDS,Enterprise Funds Electric,Operating Disbursements,,,,Total Operating Disbursements,Operating Income Loss
STATEMENT OF CASH RECEIPTS DISBURSEMENTS AND CHANGES IN FUND BALANCES NET POSITION,PROPRIETARY FUNDS,Enterprise Funds Electric,,,,,Operating Income Loss,Income Loss before Capital Contributions Special and Extraordinary Items and Transfers
STATEMENT OF CASH RECEIPTS DISBURSEMENTS AND CHANGES IN FUND BALANCES NET POSITION,PROPRIETARY FUNDS,Enterprise Funds Electric,Non Operating Receipts Disbursements,,,Property and Other Local Taxes,,Total Non Operating Receipts Disbursements
STATEMENT OF CASH RECEIPTS DISBURSEMENTS AND CHANGES IN FUND BALANCES NET POSITION,PROPRIETARY FUNDS,Enterprise Funds Electric,Non Operating Receipts Disbursements,,,Intergovernmental,,Total Non Operating Receipts Disbursements
STATEMENT OF CASH RECEIPTS DISBURSEMENTS AND CHANGES IN FUND BALANCES NET POSITION,PROPRIETARY FUNDS,Enterprise Funds Electric,Non Operating Receipts Disbursements,,,Special Assessments,,Total Non Operating Receipts Disbursements
STATEMENT OF CASH RECEIPTS DISBURSEMENTS AND CHANGES IN FUND BALANCES NET POSITION,PROPRIETARY FUNDS,Enterprise Funds Electric,Non Operating Receipts Disbursements,,,Payments in Lieu of Taxes,,Total Non Operating Receipts Disbursements
STATEMENT OF CASH RECEIPTS DISBURSEMENTS AND CHANGES IN FUND BALANCES NET POSITION,PROPRIETARY FUNDS,Enterprise Funds Electric,Non Operating Receipts Disbursements,,,Earnings on Investments,,Total Non Operating Receipts Disbursements
STATEMENT OF CASH RECEIPTS DISBURSEMENTS AND CHANGES IN FUND BALANCES NET POSITION,PROPRIETARY FUNDS,Enterprise Funds Electric,Non Operating Receipts Disbursements,,,Sale of Bonds,,Total Non Operating Receipts Disbursements
STATEMENT OF CASH RECEIPTS DISBURSEMENTS AND CHANGES IN FUND BALANCES NET POSITION,PROPRIETARY FUNDS,Enterprise Funds Electric,Non Operating Receipts Disbursements,,,Sale of Notes,,Total Non Operating Receipts Disbursements
STATEMENT OF CASH RECEIPTS DISBURSEMENTS AND CHANGES IN FUND BALANCES NET POSITION,PROPRIETARY FUNDS,Enterprise Funds Electric,Non Operating Receipts Disbursements,,,Other Debt Proceeds,,Total Non Operating Receipts Disbursements
STATEMENT OF CASH RECEIPTS DISBURSEMENTS AND CHANGES IN FUND BALANCES NET POSITION,PROPRIETARY FUNDS,Enterprise Funds Electric,Non Operating Receipts Disbursements,,,Sale of Capital Assets,,Total Non Operating Receipts Disbursements
STATEMENT OF CASH RECEIPTS DISBURSEMENTS AND CHANGES IN FUND BALANCES NET POSITION,PROPRIETARY FUNDS,Enterprise Funds Electric,Non Operating Receipts Disbursements,,,Miscellaneous Receipts,,Total Non Operating Receipts Disbursements
STATEMENT OF CASH RECEIPTS DISBURSEMENTS AND CHANGES IN FUND BALANCES NET POSITION,PROPRIETARY FUNDS,Enterprise Funds Electric,Non Operating Receipts Disbursements,,,Capital Outlay,,Total Non Operating Receipts Disbursements
STATEMENT OF CASH RECEIPTS DISBURSEMENTS AND CHANGES IN FUND BALANCES NET POSITION,PROPRIETARY FUNDS,Enterprise Funds Electric,Non Operating Receipts Disbursements,,,Redemption of Principal,,Total Non Operating Receipts Disbursements
STATEMENT OF CASH RECEIPTS DISBURSEMENTS AND CHANGES IN FUND BALANCES NET POSITION,PROPRIETARY FUNDS,Enterprise Funds Electric,Non Operating Receipts Disbursements,,,Interest and Other Fiscal Charges,,Total Non Operating Receipts Disbursements
STATEMENT OF CASH RECEIPTS DISBURSEMENTS AND CHANGES IN FUND BALANCES NET POSITION,PROPRIETARY FUNDS,Enterprise Funds Electric,Non Operating Receipts Disbursements,,,Issuance Costs,,Total Non Operating Receipts Disbursements
STATEMENT OF CASH RECEIPTS DISBURSEMENTS AND CHANGES IN FUND BALANCES NET POSITION,PROPRIETARY FUNDS,Enterprise Funds Electric,Non Operating Receipts Disbursements,,,Other Non Operating Receipts,,Total Non Operating Receipts Disbursements
STATEMENT OF CASH RECEIPTS DISBURSEMENTS AND CHANGES IN FUND BALANCES NET POSITION,PROPRIETARY FUNDS,Enterprise Funds Electric,Non Operating Receipts Disbursements,,,Other Non Operating Cash Disbursements,,Total Non Operating Receipts Disbursements
STATEMENT OF CASH RECEIPTS DISBURSEMENTS AND CHANGES IN FUND BALANCES NET POSITION,PROPRIETARY FUNDS,Enterprise Funds Electric,Non Operating Receipts Disbursements,,,,Total Non Operating Receipts Disbursements,Income Loss before Capital Contributions Special and Extraordinary Items and Transfers
STATEMENT OF CASH RECEIPTS DISBURSEMENTS AND CHANGES IN FUND BALANCES NET POSITION,PROPRIETARY FUNDS,Enterprise Funds Electric,,,,,Income Loss before Capital Contributions Special and Extraordinary Items and Transfers,Change in Fund Balances Net Position
STATEMENT OF CASH RECEIPTS DISBURSEMENTS AND CHANGES IN FUND BALANCES NET POSITION,PROPRIETARY FUNDS,Enterprise Funds Electric,,,,Special Items,,Change in Fund Balances Net Position
STATEMENT OF CASH RECEIPTS DISBURSEMENTS AND CHANGES IN FUND BALANCES NET POSITION,PROPRIETARY FUNDS,Enterprise Funds Electric,,,,Extraordinary Items,,Change in Fund Balances Net Position
STATEMENT OF CASH RECEIPTS DISBURSEMENTS AND CHANGES IN FUND BALANCES NET POSITION,PROPRIETARY FUNDS,Enterprise Funds Electric,,,,Transfers In,,Change in Fund Balances Net Position
STATEMENT OF CASH RECEIPTS DISBURSEMENTS AND CHANGES IN FUND BALANCES NET POSITION,PROPRIETARY FUNDS,Enterprise Funds Electric,,,,Transfers Out,,Change in Fund Balances Net Position
STATEMENT OF CASH RECEIPTS DISBURSEMENTS AND CHANGES IN FUND BALANCES NET POSITION,PROPRIETARY FUNDS,Enterprise Funds Electric,,,,Advances In,,Change in Fund Balances Net Position
STATEMENT OF CASH RECEIPTS DISBURSEMENTS AND CHANGES IN FUND BALANCES NET POSITION,PROPRIETARY FUNDS,Enterprise Funds Electric,,,,Advances Out,,Change in Fund Balances Net Position
STATEMENT OF CASH RECEIPTS DISBURSEMENTS AND CHANGES IN FUND BALANCES NET POSITION,PROPRIETARY FUNDS,Enterprise Funds Electric,,,,,Change in Fund Balances Net Position,Fund Balances Net Position End of Year
STATEMENT OF CASH RECEIPTS DISBURSEMENTS AND CHANGES IN FUND BALANCES NET POSITION,PROPRIETARY FUNDS,Enterprise Funds Electric,,,,Fund Balances Net Position Beginning of Year,,Fund Balances Net Position End of Year
STATEMENT OF CASH RECEIPTS DISBURSEMENTS AND CHANGES IN FUND BALANCES NET POSITION,PROPRIETARY FUNDS,Enterprise Funds Electric,,,,,Fund Balances Net Position End of Year,
STATEMENT OF CASH RECEIPTS DISBURSEMENTS AND CHANGES IN FUND BALANCES NET POSITION,PROPRIETARY FUNDS,Enterprise Funds Landfill,Operating Receipts,,,Sales,,Total Operating Receipts
STATEMENT OF CASH RECEIPTS DISBURSEMENTS AND CHANGES IN FUND BALANCES NET POSITION,PROPRIETARY FUNDS,Enterprise Funds Landfill,Operating Receipts,,,Charges for Services,,Total Operating Receipts
STATEMENT OF CASH RECEIPTS DISBURSEMENTS AND CHANGES IN FUND BALANCES NET POSITION,PROPRIETARY FUNDS,Enterprise Funds Landfill,Operating Receipts,,,Miscellaneous,,Total Operating Receipts
STATEMENT OF CASH RECEIPTS DISBURSEMENTS AND CHANGES IN FUND BALANCES NET POSITION,PROPRIETARY FUNDS,Enterprise Funds Landfill,Operating Receipts,,,Other Receipts,,Total Operating Receipts
STATEMENT OF CASH RECEIPTS DISBURSEMENTS AND CHANGES IN FUND BALANCES NET POSITION,PROPRIETARY FUNDS,Enterprise Funds Landfill,Operating Receipts,,,,Total Operating Receipts,Operating Income Loss
STATEMENT OF CASH RECEIPTS DISBURSEMENTS AND CHANGES IN FUND BALANCES NET POSITION,PROPRIETARY FUNDS,Enterprise Funds Landfill,Operating Disbursements,,,Salaries,,Total Operating Disbursements
STATEMENT OF CASH RECEIPTS DISBURSEMENTS AND CHANGES IN FUND BALANCES NET POSITION,PROPRIETARY FUNDS,Enterprise Funds Landfill,Operating Disbursements,,,Fringe Benefits,,Total Operating Disbursements
STATEMENT OF CASH RECEIPTS DISBURSEMENTS AND CHANGES IN FUND BALANCES NET POSITION,PROPRIETARY FUNDS,Enterprise Funds Landfill,Operating Disbursements,,,Purchased Services,,Total Operating Disbursements
STATEMENT OF CASH RECEIPTS DISBURSEMENTS AND CHANGES IN FUND BALANCES NET POSITION,PROPRIETARY FUNDS,Enterprise Funds Landfill,Operating Disbursements,,,Materials and Supplies,,Total Operating Disbursements
STATEMENT OF CASH RECEIPTS DISBURSEMENTS AND CHANGES IN FUND BALANCES NET POSITION,PROPRIETARY FUNDS,Enterprise Funds Landfill,Operating Disbursements,,,Cost of Sales,,Total Operating Disbursements
STATEMENT OF CASH RECEIPTS DISBURSEMENTS AND CHANGES IN FUND BALANCES NET POSITION,PROPRIETARY FUNDS,Enterprise Funds Landfill,Operating Disbursements,,,Claims,,Total Operating Disbursements
STATEMENT OF CASH RECEIPTS DISBURSEMENTS AND CHANGES IN FUND BALANCES NET POSITION,PROPRIETARY FUNDS,Enterprise Funds Landfill,Operating Disbursements,,,Other Disbursements,,Total Operating Disbursements
STATEMENT OF CASH RECEIPTS DISBURSEMENTS AND CHANGES IN FUND BALANCES NET POSITION,PROPRIETARY FUNDS,Enterprise Funds Landfill,Operating Disbursements,,,,Total Operating Disbursements,Operating Income Loss
STATEMENT OF CASH RECEIPTS DISBURSEMENTS AND CHANGES IN FUND BALANCES NET POSITION,PROPRIETARY FUNDS,Enterprise Funds Landfill,,,,,Operating Income Loss,Income Loss before Capital Contributions Special and Extraordinary Items and Transfers
STATEMENT OF CASH RECEIPTS DISBURSEMENTS AND CHANGES IN FUND BALANCES NET POSITION,PROPRIETARY FUNDS,Enterprise Funds Landfill,Non Operating Receipts Disbursements,,,Property and Other Local Taxes,,Total Non Operating Receipts Disbursements
STATEMENT OF CASH RECEIPTS DISBURSEMENTS AND CHANGES IN FUND BALANCES NET POSITION,PROPRIETARY FUNDS,Enterprise Funds Landfill,Non Operating Receipts Disbursements,,,Intergovernmental,,Total Non Operating Receipts Disbursements
STATEMENT OF CASH RECEIPTS DISBURSEMENTS AND CHANGES IN FUND BALANCES NET POSITION,PROPRIETARY FUNDS,Enterprise Funds Landfill,Non Operating Receipts Disbursements,,,Special Assessments,,Total Non Operating Receipts Disbursements
STATEMENT OF CASH RECEIPTS DISBURSEMENTS AND CHANGES IN FUND BALANCES NET POSITION,PROPRIETARY FUNDS,Enterprise Funds Landfill,Non Operating Receipts Disbursements,,,Payments in Lieu of Taxes,,Total Non Operating Receipts Disbursements
STATEMENT OF CASH RECEIPTS DISBURSEMENTS AND CHANGES IN FUND BALANCES NET POSITION,PROPRIETARY FUNDS,Enterprise Funds Landfill,Non Operating Receipts Disbursements,,,Earnings on Investments,,Total Non Operating Receipts Disbursements
STATEMENT OF CASH RECEIPTS DISBURSEMENTS AND CHANGES IN FUND BALANCES NET POSITION,PROPRIETARY FUNDS,Enterprise Funds Landfill,Non Operating Receipts Disbursements,,,Sale of Bonds,,Total Non Operating Receipts Disbursements
STATEMENT OF CASH RECEIPTS DISBURSEMENTS AND CHANGES IN FUND BALANCES NET POSITION,PROPRIETARY FUNDS,Enterprise Funds Landfill,Non Operating Receipts Disbursements,,,Sale of Notes,,Total Non Operating Receipts Disbursements
STATEMENT OF CASH RECEIPTS DISBURSEMENTS AND CHANGES IN FUND BALANCES NET POSITION,PROPRIETARY FUNDS,Enterprise Funds Landfill,Non Operating Receipts Disbursements,,,Other Debt Proceeds,,Total Non Operating Receipts Disbursements
STATEMENT OF CASH RECEIPTS DISBURSEMENTS AND CHANGES IN FUND BALANCES NET POSITION,PROPRIETARY FUNDS,Enterprise Funds Landfill,Non Operating Receipts Disbursements,,,Sale of Capital Assets,,Total Non Operating Receipts Disbursements
STATEMENT OF CASH RECEIPTS DISBURSEMENTS AND CHANGES IN FUND BALANCES NET POSITION,PROPRIETARY FUNDS,Enterprise Funds Landfill,Non Operating Receipts Disbursements,,,Miscellaneous Receipts,,Total Non Operating Receipts Disbursements
STATEMENT OF CASH RECEIPTS DISBURSEMENTS AND CHANGES IN FUND BALANCES NET POSITION,PROPRIETARY FUNDS,Enterprise Funds Landfill,Non Operating Receipts Disbursements,,,Capital Outlay,,Total Non Operating Receipts Disbursements
STATEMENT OF CASH RECEIPTS DISBURSEMENTS AND CHANGES IN FUND BALANCES NET POSITION,PROPRIETARY FUNDS,Enterprise Funds Landfill,Non Operating Receipts Disbursements,,,Redemption of Principal,,Total Non Operating Receipts Disbursements
STATEMENT OF CASH RECEIPTS DISBURSEMENTS AND CHANGES IN FUND BALANCES NET POSITION,PROPRIETARY FUNDS,Enterprise Funds Landfill,Non Operating Receipts Disbursements,,,Interest and Other Fiscal Charges,,Total Non Operating Receipts Disbursements
STATEMENT OF CASH RECEIPTS DISBURSEMENTS AND CHANGES IN FUND BALANCES NET POSITION,PROPRIETARY FUNDS,Enterprise Funds Landfill,Non Operating Receipts Disbursements,,,Issuance Costs,,Total Non Operating Receipts Disbursements
STATEMENT OF CASH RECEIPTS DISBURSEMENTS AND CHANGES IN FUND BALANCES NET POSITION,PROPRIETARY FUNDS,Enterprise Funds Landfill,Non Operating Receipts Disbursements,,,Other Non Operating Receipts,,Total Non Operating Receipts Disbursements
STATEMENT OF CASH RECEIPTS DISBURSEMENTS AND CHANGES IN FUND BALANCES NET POSITION,PROPRIETARY FUNDS,Enterprise Funds Landfill,Non Operating Receipts Disbursements,,,Other Non Operating Cash Disbursements,,Total Non Operating Receipts Disbursements
STATEMENT OF CASH RECEIPTS DISBURSEMENTS AND CHANGES IN FUND BALANCES NET POSITION,PROPRIETARY FUNDS,Enterprise Funds Landfill,Non Operating Receipts Disbursements,,,,Total Non Operating Receipts Disbursements,Income Loss before Capital Contributions Special and Extraordinary Items and Transfers
STATEMENT OF CASH RECEIPTS DISBURSEMENTS AND CHANGES IN FUND BALANCES NET POSITION,PROPRIETARY FUNDS,Enterprise Funds Landfill,,,,,Income Loss before Capital Contributions Special and Extraordinary Items and Transfers,Change in Fund Balances Net Position
STATEMENT OF CASH RECEIPTS DISBURSEMENTS AND CHANGES IN FUND BALANCES NET POSITION,PROPRIETARY FUNDS,Enterprise Funds Landfill,,,,Special Items,,Change in Fund Balances Net Position
STATEMENT OF CASH RECEIPTS DISBURSEMENTS AND CHANGES IN FUND BALANCES NET POSITION,PROPRIETARY FUNDS,Enterprise Funds Landfill,,,,Extraordinary Items,,Change in Fund Balances Net Position
STATEMENT OF CASH RECEIPTS DISBURSEMENTS AND CHANGES IN FUND BALANCES NET POSITION,PROPRIETARY FUNDS,Enterprise Funds Landfill,,,,Transfers In,,Change in Fund Balances Net Position
STATEMENT OF CASH RECEIPTS DISBURSEMENTS AND CHANGES IN FUND BALANCES NET POSITION,PROPRIETARY FUNDS,Enterprise Funds Landfill,,,,Transfers Out,,Change in Fund Balances Net Position
STATEMENT OF CASH RECEIPTS DISBURSEMENTS AND CHANGES IN FUND BALANCES NET POSITION,PROPRIETARY FUNDS,Enterprise Funds Landfill,,,,Advances In,,Change in Fund Balances Net Position
STATEMENT OF CASH RECEIPTS DISBURSEMENTS AND CHANGES IN FUND BALANCES NET POSITION,PROPRIETARY FUNDS,Enterprise Funds Landfill,,,,Advances Out,,Change in Fund Balances Net Position
STATEMENT OF CASH RECEIPTS DISBURSEMENTS AND CHANGES IN FUND BALANCES NET POSITION,PROPRIETARY FUNDS,Enterprise Funds Landfill,,,,,Change in Fund Balances Net Position,Fund Balances Net Position End of Year
STATEMENT OF CASH RECEIPTS DISBURSEMENTS AND CHANGES IN FUND BALANCES NET POSITION,PROPRIETARY FUNDS,Enterprise Funds Landfill,,,,Fund Balances Net Position Beginning of Year,,Fund Balances Net Position End of Year
STATEMENT OF CASH RECEIPTS DISBURSEMENTS AND CHANGES IN FUND BALANCES NET POSITION,PROPRIETARY FUNDS,Enterprise Funds Landfill,,,,,Fund Balances Net Position End of Year,
