Page Description 1,Page Description 2,Column Description,Category,Subcategory,Tertiary Category,Field,Calculated,SumGroup
Statement of Net Position,,Governmental Activities,Assets,,,Cash and Cash Equivalents,,Total Assets
Statement of Net Position,,Governmental Activities,Assets,,,Investments,,Total Assets
Statement of Net Position,,Governmental Activities,Assets,,,Inventory Held for Resale,,Total Assets
Statement of Net Position,,Governmental Activities,Assets,,,Materials and Supplies Inventory,,Total Assets
Statement of Net Position,,Governmental Activities,Assets,,,Accrued Interest Receivable,,Total Assets
Statement of Net Position,,Governmental Activities,Assets,,,Accounts Receivable,,Total Assets
Statement of Net Position,,Governmental Activities,Assets,,,Internal Balances,,Total Assets
Statement of Net Position,,Governmental Activities,Assets,,,Intergovernmental Receivable,,Total Assets
Statement of Net Position,,Governmental Activities,Assets,,,Prepaid Items,,Total Assets
Statement of Net Position,,Governmental Activities,Assets,,,Property Taxes Receivable,,Total Assets
Statement of Net Position,,Governmental Activities,Assets,,,Special Assessments Receivable,,Total Assets
Statement of Net Position,,Governmental Activities,Assets,,,Sales Tax Receivable,,Total Assets
Statement of Net Position,,Governmental Activities,Assets,,,Revenue in Lieu of Taxes Receivable,,Total Assets
Statement of Net Position,,Governmental Activities,Assets,,,Due from Other Governments,,Total Assets
Statement of Net Position,,Governmental Activities,Assets,,,Notes Receivable,,Total Assets
Statement of Net Position,,Governmental Activities,Assets,,,Loans Receivable,,Total Assets
Statement of Net Position,,Governmental Activities,Assets,,,Investment in Joint Venture,,Total Assets
Statement of Net Position,,Governmental Activities,Assets,,,Restricted Assets,,Total Assets
Statement of Net Position,,Governmental Activities,Assets,,,Advances to Other Funds,,Total Assets
Statement of Net Position,,Governmental Activities,Assets,,,Nondepreciable Capital Assets,,Total Assets
Statement of Net Position,,Governmental Activities,Assets,,,Depreciable Capital Assets,,Total Assets
Statement of Net Position,,Governmental Activities,Assets,,,Less  Accumulated Depreciaion,,Total Assets
Statement of Net Position,,Governmental Activities,Assets,,,Other Assets,,Total Assets
Statement of Net Position,,Governmental Activities,Assets,,,,Total Assets,
Statement of Net Position,,Governmental Activities,,,,Total Deferred Outflows of Resources,,
Statement of Net Position,,Governmental Activities,Liabilities,,,Accounts Payable,,Total Liabilities
Statement of Net Position,,Governmental Activities,Liabilities,,,Accrued Wages and Benefits,,Total Liabilities
Statement of Net Position,,Governmental Activities,Liabilities,,,Contracts Payable,,Total Liabilities
Statement of Net Position,,Governmental Activities,Liabilities,,,Intergovernmental Payable,,Total Liabilities
Statement of Net Position,,Governmental Activities,Liabilities,,,Due to Other Governments,,Total Liabilities
Statement of Net Position,,Governmental Activities,Liabilities,,,Matured Compensated Absences,,Total Liabilities
Statement of Net Position,,Governmental Activities,Liabilities,,,Matured Interest Payable,,Total Liabilities
Statement of Net Position,,Governmental Activities,Liabilities,,,Matured Bonds Payable,,Total Liabilities
Statement of Net Position,,Governmental Activities,Liabilities,,,Accrued Interest Payable,,Total Liabilities
Statement of Net Position,,Governmental Activities,Liabilities,,,Retainage Payable,,Total Liabilities
Statement of Net Position,,Governmental Activities,Liabilities,,,Claims Payable,,Total Liabilities
Statement of Net Position,,Governmental Activities,Liabilities,,,Unearned Revenue,,Total Liabilities
Statement of Net Position,,Governmental Activities,Liabilities,,,Notes Payable,,Total Liabilities
Statement of Net Position,,Governmental Activities,Liabilities,Long Term Liabilities,,Due Within One Year,,Total Liabilities
Statement of Net Position,,Governmental Activities,Liabilities,Long Term Liabilities,,Due In More Than One Year,,Total Liabilities
Statement of Net Position,,Governmental Activities,Liabilities,,,Other Liabilities,,Total Liabilities
Statement of Net Position,,Governmental Activities,Liabilities,,,,Total Liabilities,"Total Liabilities, Deferred Inflows of Resources and Fund Balances"
Statement of Net Position,,Governmental Activities,,,,Total Deferred Inflows of Resources,,"Total Liabilities, Deferred Inflows of Resources and Fund Balances"
Statement of Net Position,,Governmental Activities,Net Position,,,Net Investment in Capital Assets,,Total Net Position
Statement of Net Position,,Governmental Activities,Net Position,,,Restricted,,Total Net Position
Statement of Net Position,,Governmental Activities,Net Position,,,Unrestricted (Deficit),,Total Net Position
Statement of Net Position,,Governmental Activities,Net Position,,,,Total Net Position,
Statement of Activities,,Governmental Activities,Program Receipts,,,Charges for Services and Sales,,Total Program Receipts
Statement of Activities,,Governmental Activities,Program Receipts,,,"Operating Grants, Contributions and Interest",,Total Program Receipts
Statement of Activities,,Governmental Activities,Program Receipts,,,"Capital Grants, Contributions and Interest",,Total Program Receipts
Statement of Activities,,Governmental Activities,Program Receipts,,,,Total Program Receipts,Total Receipts and Other Items
Statement of Activities,,Governmental Activities,General Receipts,,,Property Taxes,,Total General Receipts
Statement of Activities,,Governmental Activities,General Receipts,,,Sales Taxes,,Total General Receipts
Statement of Activities,,Governmental Activities,General Receipts,,,Other Taxes,,Total General Receipts
Statement of Activities,,Governmental Activities,General Receipts,,,Grants and Entitlements not Restricted to Specific Programs,,Total General Receipts
Statement of Activities,,Governmental Activities,General Receipts,,,Gain on Sale of Capital Asset,,Total General Receipts
Statement of Activities,,Governmental Activities,General Receipts,,,Payment in Lieu of Taxes,,Total General Receipts
Statement of Activities,,Governmental Activities,General Receipts,,,Unrestricted Contributions,,Total General Receipts
Statement of Activities,,Governmental Activities,General Receipts,,,Investment Earnings,,Total General Receipts
Statement of Activities,,Governmental Activities,General Receipts,,,General Obligation Bonds Issued; Refunding Bonds Issued; and Other Debt Proceeds,,Total General Receipts
Statement of Activities,,Governmental Activities,General Receipts,,,Other Receipts,,Total General Receipts
Statement of Activities,,Governmental Activities,General Receipts,,,,Total General Receipts,Total Receipts and Other Items
Statement of Activities,,Governmental Activities,,,,Special Item,,Total Receipts and Other Items
Statement of Activities,,Governmental Activities,,,,Extraordinary Item,,Total Receipts and Other Items
Statement of Activities,,Governmental Activities,,,,Contribution to Permanent Fund,,Total Receipts and Other Items
Statement of Activities,,Governmental Activities,,,,Advances,,Total Receipts and Other Items
Statement of Activities,,Governmental Activities,,,,Transfers,,Total Receipts and Other Items
Statement of Activities,,Governmental Activities,,,,,Total Receipts and Other Items,Change in Net Position
Statement of Activities,,Governmental Activities,Disbursements,General Government,,Legislative and Executive,,Total Governmental Activities Disbursements
Statement of Activities,,Governmental Activities,Disbursements,General Government,,Judicial,,Total Governmental Activities Disbursements
Statement of Activities,,Governmental Activities,Disbursements,,,Public Safety,,Total Governmental Activities Disbursements
Statement of Activities,,Governmental Activities,Disbursements,,,Public Works,,Total Governmental Activities Disbursements
Statement of Activities,,Governmental Activities,Disbursements,,,Health,,Total Governmental Activities Disbursements
Statement of Activities,,Governmental Activities,Disbursements,,,Human Services,,Total Governmental Activities Disbursements
Statement of Activities,,Governmental Activities,Disbursements,,,Conservation and Recreation,,Total Governmental Activities Disbursements
Statement of Activities,,Governmental Activities,Disbursements,,,Intergovernmental,,Total Governmental Activities Disbursements
Statement of Activities,,Governmental Activities,Disbursements,,,Capital Outlay,,Total Governmental Activities Disbursements
Statement of Activities,,Governmental Activities,Disbursements,Debt Service,,Principal Retirement,,Total Governmental Activities Disbursements
Statement of Activities,,Governmental Activities,Disbursements,Debt Service,,Bond Issuance Costs,,Total Governmental Activities Disbursements
Statement of Activities,,Governmental Activities,Disbursements,Debt Service,,Other,,Total Governmental Activities Disbursements
Statement of Activities,,Governmental Activities,Disbursements,,,Interest and Fiscal Charges,,Total Governmental Activities Disbursements
Statement of Activities,,Governmental Activities,Disbursements,,,Depreciation Expense,,Total Governmental Activities Disbursements
Statement of Activities,,Governmental Activities,Disbursements,,,Other Disbursements,,Total Governmental Activities Disbursements
Statement of Activities,,Governmental Activities,Disbursements,,,,Total Governmental Activities Disbursements,Change in Net Position
Statement of Activities,,Governmental Activities,,,,,Change in Net Position,"Net Position, End of Year"
Statement of Activities,,Governmental Activities,,,,"Net Position, Beginning of Year",,"Net Position, End of Year"
Statement of Activities,,Governmental Activities,,,,,"Net Position, End of Year",
Balance Sheet,Governmental Funds,General,Assets,,,Cash and Cash Equivalents,,Total Assets
Balance Sheet,Governmental Funds,General,Assets,,,Investments,,Total Assets
Balance Sheet,Governmental Funds,General,Assets,,,Inventory Held for Resale,,Total Assets
Balance Sheet,Governmental Funds,General,Assets,,,Materials and Supplies Inventory,,Total Assets
Balance Sheet,Governmental Funds,General,Assets,,,Accrued Interest Receivable,,Total Assets
Balance Sheet,Governmental Funds,General,Assets,,,Accounts Receivable,,Total Assets
Balance Sheet,Governmental Funds,General,Assets,,,Interfund Receivable,,Total Assets
Balance Sheet,Governmental Funds,General,Assets,,,Due from Other Funds,,Total Assets
Balance Sheet,Governmental Funds,General,Assets,,,Intergovernmental Receivable,,Total Assets
Balance Sheet,Governmental Funds,General,Assets,,,Prepaid Items,,Total Assets
Balance Sheet,Governmental Funds,General,Assets,,,Property Taxes Receivable,,Total Assets
Balance Sheet,Governmental Funds,General,Assets,,,Sales Tax Receivable,,Total Assets
Balance Sheet,Governmental Funds,General,Assets,,,Revenue in Lieu of Taxes Receivable,,Total Assets
Balance Sheet,Governmental Funds,General,Assets,,,Due from Other Governments,,Total Assets
Balance Sheet,Governmental Funds,General,Assets,,,Notes Receivable,,Total Assets
Balance Sheet,Governmental Funds,General,Assets,,,Loans Receivable,,Total Assets
Balance Sheet,Governmental Funds,General,Assets,,,Other Assets,,Total Assets
Balance Sheet,Governmental Funds,General,Assets,,,,Total Assets,Total Assets and Deferred Outflows of Resources
Balance Sheet,Governmental Funds,General,,,,Total Deferred Outflows of Resources,,Total Assets and Deferred Outflows of Resources
Balance Sheet,Governmental Funds,General,,,,,Total Assets and Deferred Outflows of Resources,
Balance Sheet,Governmental Funds,General,Liabilities,,,Accounts Payable,,Total Liabilities
Balance Sheet,Governmental Funds,General,Liabilities,,,Accrued Wages and Benefits,,Total Liabilities
Balance Sheet,Governmental Funds,General,Liabilities,,,Contracts Payable,,Total Liabilities
Balance Sheet,Governmental Funds,General,Liabilities,,,Intergovernmental Payable,,Total Liabilities
Balance Sheet,Governmental Funds,General,Liabilities,,,Due to Other Governments,,Total Liabilities
Balance Sheet,Governmental Funds,General,Liabilities,,,Matured Interest Payable,,Total Liabilities
Balance Sheet,Governmental Funds,General,Liabilities,,,Matured Bonds Payable,,Total Liabilities
Balance Sheet,Governmental Funds,General,Liabilities,,,Retainage Payable,,Total Liabilities
Balance Sheet,Governmental Funds,General,Liabilities,,,Interfund Payable,,Total Liabilities
Balance Sheet,Governmental Funds,General,Liabilities,,,Due to Other Funds,,Total Liabilities
Balance Sheet,Governmental Funds,General,Liabilities,,,Claims Payable,,Total Liabilities
Balance Sheet,Governmental Funds,General,Liabilities,,,Unearned Revenue,,Total Liabilities
Balance Sheet,Governmental Funds,General,Liabilities,,,Notes Payable,,Total Liabilities
Balance Sheet,Governmental Funds,General,Liabilities,,,Other Liabilities,,Total Liabilities
Balance Sheet,Governmental Funds,General,Liabilities,,,,Total Liabilities,"Total Liabilities, Deferred Inflows of Resources and Fund Balances"
Balance Sheet,Governmental Funds,General,,,,Total Deferred Inflows of Resources,,"Total Liabilities, Deferred Inflows of Resources and Fund Balances"
Balance Sheet,Governmental Funds,General,Fund Balances,,,Nonspendable,,Total Fund Balances
Balance Sheet,Governmental Funds,General,Fund Balances,,,Restricted,,Total Fund Balances
Balance Sheet,Governmental Funds,General,Fund Balances,,,Committed,,Total Fund Balances
Balance Sheet,Governmental Funds,General,Fund Balances,,,Assigned,,Total Fund Balances
Balance Sheet,Governmental Funds,General,Fund Balances,,,Unassigned,,Total Fund Balances
Balance Sheet,Governmental Funds,General,Fund Balances,,,,Total Fund Balances,"Total Liabilities, Deferred Inflows of Resources and Fund Balances"
Balance Sheet,Governmental Funds,General,,,,,"Total Liabilities, Deferred Inflows of Resources and Fund Balances",
Balance Sheet,Governmental Funds,Total Governmental,Assets,,,Cash and Cash Equivalents,,Total Assets
Balance Sheet,Governmental Funds,Total Governmental,Assets,,,Investments,,Total Assets
Balance Sheet,Governmental Funds,Total Governmental,Assets,,,Inventory Held for Resale,,Total Assets
Balance Sheet,Governmental Funds,Total Governmental,Assets,,,Materials and Supplies Inventory,,Total Assets
Balance Sheet,Governmental Funds,Total Governmental,Assets,,,Accrued Interest Receivable,,Total Assets
Balance Sheet,Governmental Funds,Total Governmental,Assets,,,Accounts Receivable,,Total Assets
Balance Sheet,Governmental Funds,Total Governmental,Assets,,,Interfund Receivable,,Total Assets
Balance Sheet,Governmental Funds,Total Governmental,Assets,,,Due from Other Funds,,Total Assets
Balance Sheet,Governmental Funds,Total Governmental,Assets,,,Intergovernmental Receivable,,Total Assets
Balance Sheet,Governmental Funds,Total Governmental,Assets,,,Prepaid Items,,Total Assets
Balance Sheet,Governmental Funds,Total Governmental,Assets,,,Property Taxes Receivable,,Total Assets
Balance Sheet,Governmental Funds,Total Governmental,Assets,,,Sales Tax Receivable,,Total Assets
Balance Sheet,Governmental Funds,Total Governmental,Assets,,,Revenue in Lieu of Taxes Receivable,,Total Assets
Balance Sheet,Governmental Funds,Total Governmental,Assets,,,Due from Other Governments,,Total Assets
Balance Sheet,Governmental Funds,Total Governmental,Assets,,,Notes Receivable,,Total Assets
Balance Sheet,Governmental Funds,Total Governmental,Assets,,,Loans Receivable,,Total Assets
Balance Sheet,Governmental Funds,Total Governmental,Assets,,,Other Assets,,Total Assets
Balance Sheet,Governmental Funds,Total Governmental,Assets,,,,Total Assets,Total Assets and Deferred Outflows of Resources
Balance Sheet,Governmental Funds,Total Governmental,,,,Total Deferred Outflows of Resources,,Total Assets and Deferred Outflows of Resources
Balance Sheet,Governmental Funds,Total Governmental,,,,,Total Assets and Deferred Outflows of Resources,
Balance Sheet,Governmental Funds,Total Governmental,Liabilities,,,Accounts Payable,,Total Liabilities
Balance Sheet,Governmental Funds,Total Governmental,Liabilities,,,Accrued Wages and Benefits,,Total Liabilities
Balance Sheet,Governmental Funds,Total Governmental,Liabilities,,,Contracts Payable,,Total Liabilities
Balance Sheet,Governmental Funds,Total Governmental,Liabilities,,,Intergovernmental Payable,,Total Liabilities
Balance Sheet,Governmental Funds,Total Governmental,Liabilities,,,Due to Other Governments,,Total Liabilities
Balance Sheet,Governmental Funds,Total Governmental,Liabilities,,,Matured Interest Payable,,Total Liabilities
Balance Sheet,Governmental Funds,Total Governmental,Liabilities,,,Matured Bonds Payable,,Total Liabilities
Balance Sheet,Governmental Funds,Total Governmental,Liabilities,,,Retainage Payable,,Total Liabilities
Balance Sheet,Governmental Funds,Total Governmental,Liabilities,,,Interfund Payable,,Total Liabilities
Balance Sheet,Governmental Funds,Total Governmental,Liabilities,,,Due to Other Funds,,Total Liabilities
Balance Sheet,Governmental Funds,Total Governmental,Liabilities,,,Claims Payable,,Total Liabilities
Balance Sheet,Governmental Funds,Total Governmental,Liabilities,,,Unearned Revenue,,Total Liabilities
Balance Sheet,Governmental Funds,Total Governmental,Liabilities,,,Notes Payable,,Total Liabilities
Balance Sheet,Governmental Funds,Total Governmental,Liabilities,,,Other Liabilities,,Total Liabilities
Balance Sheet,Governmental Funds,Total Governmental,Liabilities,,,,Total Liabilities,"Total Liabilities, Deferred Inflows of Resources and Fund Balances"
Balance Sheet,Governmental Funds,Total Governmental,,,,Total Deferred Inflows of Resources,,"Total Liabilities, Deferred Inflows of Resources and Fund Balances"
Balance Sheet,Governmental Funds,Total Governmental,Fund Balances,,,Nonspendable,,Total Fund Balances
Balance Sheet,Governmental Funds,Total Governmental,Fund Balances,,,Restricted,,Total Fund Balances
Balance Sheet,Governmental Funds,Total Governmental,Fund Balances,,,Committed,,Total Fund Balances
Balance Sheet,Governmental Funds,Total Governmental,Fund Balances,,,Assigned,,Total Fund Balances
Balance Sheet,Governmental Funds,Total Governmental,Fund Balances,,,Unassigned,,Total Fund Balances
Balance Sheet,Governmental Funds,Total Governmental,Fund Balances,,,,Total Fund Balances,"Total Liabilities, Deferred Inflows of Resources and Fund Balances"
Balance Sheet,Governmental Funds,Total Governmental,,,,,"Total Liabilities, Deferred Inflows of Resources and Fund Balances",
"STATEMENT OF RECEIPTS, DISBURSEMENTS AND CHANGES IN FUND BALANCES",Governmental Funds,General,Receipts,,,Property Taxes,,Total Receipts
"STATEMENT OF RECEIPTS, DISBURSEMENTS AND CHANGES IN FUND BALANCES",Governmental Funds,General,Receipts,,,Sales Taxes,,Total Receipts
"STATEMENT OF RECEIPTS, DISBURSEMENTS AND CHANGES IN FUND BALANCES",Governmental Funds,General,Receipts,,,Intergovernmental,,Total Receipts
"STATEMENT OF RECEIPTS, DISBURSEMENTS AND CHANGES IN FUND BALANCES",Governmental Funds,General,Receipts,,,Interest,,Total Receipts
"STATEMENT OF RECEIPTS, DISBURSEMENTS AND CHANGES IN FUND BALANCES",Governmental Funds,General,Receipts,,,Licenses and Permits,,Total Receipts
"STATEMENT OF RECEIPTS, DISBURSEMENTS AND CHANGES IN FUND BALANCES",Governmental Funds,General,Receipts,,,Fines and Forfeitures,,Total Receipts
"STATEMENT OF RECEIPTS, DISBURSEMENTS AND CHANGES IN FUND BALANCES",Governmental Funds,General,Receipts,,,Rentals,,Total Receipts
"STATEMENT OF RECEIPTS, DISBURSEMENTS AND CHANGES IN FUND BALANCES",Governmental Funds,General,Receipts,,,Charges for Services,,Total Receipts
"STATEMENT OF RECEIPTS, DISBURSEMENTS AND CHANGES IN FUND BALANCES",Governmental Funds,General,Receipts,,,Contributions and Donations,,Total Receipts
"STATEMENT OF RECEIPTS, DISBURSEMENTS AND CHANGES IN FUND BALANCES",Governmental Funds,General,Receipts,,,Special Assessments,,Total Receipts
"STATEMENT OF RECEIPTS, DISBURSEMENTS AND CHANGES IN FUND BALANCES",Governmental Funds,General,Receipts,,,Other Receipts,,Total Receipts
"STATEMENT OF RECEIPTS, DISBURSEMENTS AND CHANGES IN FUND BALANCES",Governmental Funds,General,Receipts,,,,Total Receipts,Excess of Receipts Over (Under) Disbursements
"STATEMENT OF RECEIPTS, DISBURSEMENTS AND CHANGES IN FUND BALANCES",Governmental Funds,General,Disbursements,General Government,,Legislative and Executive,,Total Disbursements
"STATEMENT OF RECEIPTS, DISBURSEMENTS AND CHANGES IN FUND BALANCES",Governmental Funds,General,Disbursements,General Government,,Judicial,,Total Disbursements
"STATEMENT OF RECEIPTS, DISBURSEMENTS AND CHANGES IN FUND BALANCES",Governmental Funds,General,Disbursements,,,Public Safety,,Total Disbursements
"STATEMENT OF RECEIPTS, DISBURSEMENTS AND CHANGES IN FUND BALANCES",Governmental Funds,General,Disbursements,,,Public Works,,Total Disbursements
"STATEMENT OF RECEIPTS, DISBURSEMENTS AND CHANGES IN FUND BALANCES",Governmental Funds,General,Disbursements,,,Health,,Total Disbursements
"STATEMENT OF RECEIPTS, DISBURSEMENTS AND CHANGES IN FUND BALANCES",Governmental Funds,General,Disbursements,,,Human Services,,Total Disbursements
"STATEMENT OF RECEIPTS, DISBURSEMENTS AND CHANGES IN FUND BALANCES",Governmental Funds,General,Disbursements,,,Conservation and Recreation,,Total Disbursements
"STATEMENT OF RECEIPTS, DISBURSEMENTS AND CHANGES IN FUND BALANCES",Governmental Funds,General,Disbursements,,,Capital Outlay,,Total Disbursements
"STATEMENT OF RECEIPTS, DISBURSEMENTS AND CHANGES IN FUND BALANCES",Governmental Funds,General,Disbursements,,,Intergovernmental,,Total Disbursements
"STATEMENT OF RECEIPTS, DISBURSEMENTS AND CHANGES IN FUND BALANCES",Governmental Funds,General,Disbursements,Debt Service,,Principal Retirement,,Total Disbursements
"STATEMENT OF RECEIPTS, DISBURSEMENTS AND CHANGES IN FUND BALANCES",Governmental Funds,General,Disbursements,Debt Service,,Interest and Fiscal Charges,,Total Disbursements
"STATEMENT OF RECEIPTS, DISBURSEMENTS AND CHANGES IN FUND BALANCES",Governmental Funds,General,Disbursements,Debt Service,,Bond Issuance Costs,,Total Disbursements
"STATEMENT OF RECEIPTS, DISBURSEMENTS AND CHANGES IN FUND BALANCES",Governmental Funds,General,Disbursements,Debt Service,,Other,,Total Disbursements
"STATEMENT OF RECEIPTS, DISBURSEMENTS AND CHANGES IN FUND BALANCES",Governmental Funds,General,Disbursements,,,Other Disbursements,,Total Disbursements
"STATEMENT OF RECEIPTS, DISBURSEMENTS AND CHANGES IN FUND BALANCES",Governmental Funds,General,Disbursements,,,,Total Disbursements,Excess of Receipts Over (Under) Disbursements
"STATEMENT OF RECEIPTS, DISBURSEMENTS AND CHANGES IN FUND BALANCES",Governmental Funds,General,,,,,Excess of Receipts Over (Under) Disbursements,Net Change in Fund Balances
"STATEMENT OF RECEIPTS, DISBURSEMENTS AND CHANGES IN FUND BALANCES",Governmental Funds,General,Other Financing Sources (Uses),,,Sale of Capital Assets,,Total Other Financing Sources (Uses)
"STATEMENT OF RECEIPTS, DISBURSEMENTS AND CHANGES IN FUND BALANCES",Governmental Funds,General,Other Financing Sources (Uses),,,Inception of Capital Lease,,Total Other Financing Sources (Uses)
"STATEMENT OF RECEIPTS, DISBURSEMENTS AND CHANGES IN FUND BALANCES",Governmental Funds,General,Other Financing Sources (Uses),,,General Obligation Bonds Issued,,Total Other Financing Sources (Uses)
"STATEMENT OF RECEIPTS, DISBURSEMENTS AND CHANGES IN FUND BALANCES",Governmental Funds,General,Other Financing Sources (Uses),,,Refunding Bonds Issued,,Total Other Financing Sources (Uses)
"STATEMENT OF RECEIPTS, DISBURSEMENTS AND CHANGES IN FUND BALANCES",Governmental Funds,General,Other Financing Sources (Uses),,,Other Debt Proceeds,,Total Other Financing Sources (Uses)
"STATEMENT OF RECEIPTS, DISBURSEMENTS AND CHANGES IN FUND BALANCES",Governmental Funds,General,Other Financing Sources (Uses),,,Payment to Refunded Bond Escrow Agent,,Total Other Financing Sources (Uses)
"STATEMENT OF RECEIPTS, DISBURSEMENTS AND CHANGES IN FUND BALANCES",Governmental Funds,General,Other Financing Sources (Uses),,,Advances In,,Total Other Financing Sources (Uses)
"STATEMENT OF RECEIPTS, DISBURSEMENTS AND CHANGES IN FUND BALANCES",Governmental Funds,General,Other Financing Sources (Uses),,,Advances Out,,Total Other Financing Sources (Uses)
"STATEMENT OF RECEIPTS, DISBURSEMENTS AND CHANGES IN FUND BALANCES",Governmental Funds,General,Other Financing Sources (Uses),,,Transfers In,,Total Other Financing Sources (Uses)
"STATEMENT OF RECEIPTS, DISBURSEMENTS AND CHANGES IN FUND BALANCES",Governmental Funds,General,Other Financing Sources (Uses),,,Transfers Out,,Total Other Financing Sources (Uses)
"STATEMENT OF RECEIPTS, DISBURSEMENTS AND CHANGES IN FUND BALANCES",Governmental Funds,General,Other Financing Sources (Uses),,,Other Financing Sources,,Total Other Financing Sources (Uses)
"STATEMENT OF RECEIPTS, DISBURSEMENTS AND CHANGES IN FUND BALANCES",Governmental Funds,General,Other Financing Sources (Uses),,,Other Financing Uses,,Total Other Financing Sources (Uses)
"STATEMENT OF RECEIPTS, DISBURSEMENTS AND CHANGES IN FUND BALANCES",Governmental Funds,General,Other Financing Sources (Uses),,,,Total Other Financing Sources (Uses),Net Change in Fund Balances
"STATEMENT OF RECEIPTS, DISBURSEMENTS AND CHANGES IN FUND BALANCES",Governmental Funds,General,Special and Extraordinary Items,,,Special Item,,Total Special and Extraordinary Items
"STATEMENT OF RECEIPTS, DISBURSEMENTS AND CHANGES IN FUND BALANCES",Governmental Funds,General,Special and Extraordinary Items,,,Extraordinary Item,,Total Special and Extraordinary Items
"STATEMENT OF RECEIPTS, DISBURSEMENTS AND CHANGES IN FUND BALANCES",Governmental Funds,General,Special and Extraordinary Items,,,,Total Special and Extraordinary Items,Net Change in Fund Balances
"STATEMENT OF RECEIPTS, DISBURSEMENTS AND CHANGES IN FUND BALANCES",Governmental Funds,General,,,,,Net Change in Fund Balances,"Fund Balances, End of Year"
"STATEMENT OF RECEIPTS, DISBURSEMENTS AND CHANGES IN FUND BALANCES",Governmental Funds,General,,,,"Fund Balances, Beginning of Year",,"Fund Balances, End of Year"
"STATEMENT OF RECEIPTS, DISBURSEMENTS AND CHANGES IN FUND BALANCES",Governmental Funds,General,,,,Increase (Decrease) in Inventory Or Prepaid Assets,,"Fund Balances, End of Year"
"STATEMENT OF RECEIPTS, DISBURSEMENTS AND CHANGES IN FUND BALANCES",Governmental Funds,General,,,,,"Fund Balances, End of Year",
"STATEMENT OF RECEIPTS, DISBURSEMENTS AND CHANGES IN FUND BALANCES",Governmental Funds,Total Governmental,Receipts,,,Property Taxes,,Total Receipts
"STATEMENT OF RECEIPTS, DISBURSEMENTS AND CHANGES IN FUND BALANCES",Governmental Funds,Total Governmental,Receipts,,,Sales Taxes,,Total Receipts
"STATEMENT OF RECEIPTS, DISBURSEMENTS AND CHANGES IN FUND BALANCES",Governmental Funds,Total Governmental,Receipts,,,Intergovernmental,,Total Receipts
"STATEMENT OF RECEIPTS, DISBURSEMENTS AND CHANGES IN FUND BALANCES",Governmental Funds,Total Governmental,Receipts,,,Interest,,Total Receipts
"STATEMENT OF RECEIPTS, DISBURSEMENTS AND CHANGES IN FUND BALANCES",Governmental Funds,Total Governmental,Receipts,,,Licenses and Permits,,Total Receipts
"STATEMENT OF RECEIPTS, DISBURSEMENTS AND CHANGES IN FUND BALANCES",Governmental Funds,Total Governmental,Receipts,,,Fines and Forfeitures,,Total Receipts
"STATEMENT OF RECEIPTS, DISBURSEMENTS AND CHANGES IN FUND BALANCES",Governmental Funds,Total Governmental,Receipts,,,Rentals,,Total Receipts
"STATEMENT OF RECEIPTS, DISBURSEMENTS AND CHANGES IN FUND BALANCES",Governmental Funds,Total Governmental,Receipts,,,Charges for Services,,Total Receipts
"STATEMENT OF RECEIPTS, DISBURSEMENTS AND CHANGES IN FUND BALANCES",Governmental Funds,Total Governmental,Receipts,,,Contributions and Donations,,Total Receipts
"STATEMENT OF RECEIPTS, DISBURSEMENTS AND CHANGES IN FUND BALANCES",Governmental Funds,Total Governmental,Receipts,,,Special Assessments,,Total Receipts
"STATEMENT OF RECEIPTS, DISBURSEMENTS AND CHANGES IN FUND BALANCES",Governmental Funds,Total Governmental,Receipts,,,Other Receipts,,Total Receipts
"STATEMENT OF RECEIPTS, DISBURSEMENTS AND CHANGES IN FUND BALANCES",Governmental Funds,Total Governmental,Receipts,,,,Total Receipts,Excess of Receipts Over (Under) Disbursements
"STATEMENT OF RECEIPTS, DISBURSEMENTS AND CHANGES IN FUND BALANCES",Governmental Funds,Total Governmental,Disbursements,General Government,,Legislative and Executive,,Total Disbursements
"STATEMENT OF RECEIPTS, DISBURSEMENTS AND CHANGES IN FUND BALANCES",Governmental Funds,Total Governmental,Disbursements,General Government,,Judicial,,Total Disbursements
"STATEMENT OF RECEIPTS, DISBURSEMENTS AND CHANGES IN FUND BALANCES",Governmental Funds,Total Governmental,Disbursements,,,Public Safety,,Total Disbursements
"STATEMENT OF RECEIPTS, DISBURSEMENTS AND CHANGES IN FUND BALANCES",Governmental Funds,Total Governmental,Disbursements,,,Public Works,,Total Disbursements
"STATEMENT OF RECEIPTS, DISBURSEMENTS AND CHANGES IN FUND BALANCES",Governmental Funds,Total Governmental,Disbursements,,,Health,,Total Disbursements
"STATEMENT OF RECEIPTS, DISBURSEMENTS AND CHANGES IN FUND BALANCES",Governmental Funds,Total Governmental,Disbursements,,,Human Services,,Total Disbursements
"STATEMENT OF RECEIPTS, DISBURSEMENTS AND CHANGES IN FUND BALANCES",Governmental Funds,Total Governmental,Disbursements,,,Conservation and Recreation,,Total Disbursements
"STATEMENT OF RECEIPTS, DISBURSEMENTS AND CHANGES IN FUND BALANCES",Governmental Funds,Total Governmental,Disbursements,,,Capital Outlay,,Total Disbursements
"STATEMENT OF RECEIPTS, DISBURSEMENTS AND CHANGES IN FUND BALANCES",Governmental Funds,Total Governmental,Disbursements,,,Intergovernmental,,Total Disbursements
"STATEMENT OF RECEIPTS, DISBURSEMENTS AND CHANGES IN FUND BALANCES",Governmental Funds,Total Governmental,Disbursements,Debt Service,,Principal Retirement,,Total Disbursements
"STATEMENT OF RECEIPTS, DISBURSEMENTS AND CHANGES IN FUND BALANCES",Governmental Funds,Total Governmental,Disbursements,Debt Service,,Interest and Fiscal Charges,,Total Disbursements
"STATEMENT OF RECEIPTS, DISBURSEMENTS AND CHANGES IN FUND BALANCES",Governmental Funds,Total Governmental,Disbursements,Debt Service,,Bond Issuance Costs,,Total Disbursements
"STATEMENT OF RECEIPTS, DISBURSEMENTS AND CHANGES IN FUND BALANCES",Governmental Funds,Total Governmental,Disbursements,Debt Service,,Other,,Total Disbursements
"STATEMENT OF RECEIPTS, DISBURSEMENTS AND CHANGES IN FUND BALANCES",Governmental Funds,Total Governmental,Disbursements,,,Other Disbursements,,Total Disbursements
"STATEMENT OF RECEIPTS, DISBURSEMENTS AND CHANGES IN FUND BALANCES",Governmental Funds,Total Governmental,Disbursements,,,,Total Disbursements,Excess of Receipts Over (Under) Disbursements
"STATEMENT OF RECEIPTS, DISBURSEMENTS AND CHANGES IN FUND BALANCES",Governmental Funds,Total Governmental,,,,,Excess of Receipts Over (Under) Disbursements,Net Change in Fund Balances
"STATEMENT OF RECEIPTS, DISBURSEMENTS AND CHANGES IN FUND BALANCES",Governmental Funds,Total Governmental,Other Financing Sources (Uses),,,Sale of Capital Assets,,Total Other Financing Sources (Uses)
"STATEMENT OF RECEIPTS, DISBURSEMENTS AND CHANGES IN FUND BALANCES",Governmental Funds,Total Governmental,Other Financing Sources (Uses),,,Inception of Capital Lease,,Total Other Financing Sources (Uses)
"STATEMENT OF RECEIPTS, DISBURSEMENTS AND CHANGES IN FUND BALANCES",Governmental Funds,Total Governmental,Other Financing Sources (Uses),,,General Obligation Bonds Issued,,Total Other Financing Sources (Uses)
"STATEMENT OF RECEIPTS, DISBURSEMENTS AND CHANGES IN FUND BALANCES",Governmental Funds,Total Governmental,Other Financing Sources (Uses),,,Refunding Bonds Issued,,Total Other Financing Sources (Uses)
"STATEMENT OF RECEIPTS, DISBURSEMENTS AND CHANGES IN FUND BALANCES",Governmental Funds,Total Governmental,Other Financing Sources (Uses),,,Other Debt Proceeds,,Total Other Financing Sources (Uses)
"STATEMENT OF RECEIPTS, DISBURSEMENTS AND CHANGES IN FUND BALANCES",Governmental Funds,Total Governmental,Other Financing Sources (Uses),,,Payment to Refunded Bond Escrow Agent,,Total Other Financing Sources (Uses)
"STATEMENT OF RECEIPTS, DISBURSEMENTS AND CHANGES IN FUND BALANCES",Governmental Funds,Total Governmental,Other Financing Sources (Uses),,,Advances In,,Total Other Financing Sources (Uses)
"STATEMENT OF RECEIPTS, DISBURSEMENTS AND CHANGES IN FUND BALANCES",Governmental Funds,Total Governmental,Other Financing Sources (Uses),,,Advances Out,,Total Other Financing Sources (Uses)
"STATEMENT OF RECEIPTS, DISBURSEMENTS AND CHANGES IN FUND BALANCES",Governmental Funds,Total Governmental,Other Financing Sources (Uses),,,Transfers In,,Total Other Financing Sources (Uses)
"STATEMENT OF RECEIPTS, DISBURSEMENTS AND CHANGES IN FUND BALANCES",Governmental Funds,Total Governmental,Other Financing Sources (Uses),,,Transfers Out,,Total Other Financing Sources (Uses)
"STATEMENT OF RECEIPTS, DISBURSEMENTS AND CHANGES IN FUND BALANCES",Governmental Funds,Total Governmental,Other Financing Sources (Uses),,,Other Financing Sources,,Total Other Financing Sources (Uses)
"STATEMENT OF RECEIPTS, DISBURSEMENTS AND CHANGES IN FUND BALANCES",Governmental Funds,Total Governmental,Other Financing Sources (Uses),,,Other Financing Uses,,Total Other Financing Sources (Uses)
"STATEMENT OF RECEIPTS, DISBURSEMENTS AND CHANGES IN FUND BALANCES",Governmental Funds,Total Governmental,Other Financing Sources (Uses),,,,Total Other Financing Sources (Uses),Net Change in Fund Balances
"STATEMENT OF RECEIPTS, DISBURSEMENTS AND CHANGES IN FUND BALANCES",Governmental Funds,Total Governmental,Special and Extraordinary Items,,,Special Item,,Total Special and Extraordinary Items
"STATEMENT OF RECEIPTS, DISBURSEMENTS AND CHANGES IN FUND BALANCES",Governmental Funds,Total Governmental,Special and Extraordinary Items,,,Extraordinary Item,,Total Special and Extraordinary Items
"STATEMENT OF RECEIPTS, DISBURSEMENTS AND CHANGES IN FUND BALANCES",Governmental Funds,Total Governmental,Special and Extraordinary Items,,,,Total Special and Extraordinary Items,Net Change in Fund Balances
"STATEMENT OF RECEIPTS, DISBURSEMENTS AND CHANGES IN FUND BALANCES",Governmental Funds,Total Governmental,,,,,Net Change in Fund Balances,"Fund Balances, End of Year"
"STATEMENT OF RECEIPTS, DISBURSEMENTS AND CHANGES IN FUND BALANCES",Governmental Funds,Total Governmental,,,,"Fund Balances, Beginning of Year",,"Fund Balances, End of Year"
"STATEMENT OF RECEIPTS, DISBURSEMENTS AND CHANGES IN FUND BALANCES",Governmental Funds,Total Governmental,,,,Increase (Decrease) in Inventory Or Prepaid Assets,,"Fund Balances, End of Year"
"STATEMENT OF RECEIPTS, DISBURSEMENTS AND CHANGES IN FUND BALANCES",Governmental Funds,Total Governmental,,,,,"Fund Balances, End of Year",
STATEMENT OF NET POSITION,PROPRIETARY FUNDS,Enterprise Funds Water,Assets,Current Assets,,Cash and Cash Equivalents,,Total Current Assets
STATEMENT OF NET POSITION,PROPRIETARY FUNDS,Enterprise Funds Water,Assets,Current Assets,,Investments,,Total Current Assets
STATEMENT OF NET POSITION,PROPRIETARY FUNDS,Enterprise Funds Water,Assets,Current Assets,Receivables,Accounts,,Total Current Assets
STATEMENT OF NET POSITION,PROPRIETARY FUNDS,Enterprise Funds Water,Assets,Current Assets,Receivables,Intergovernmental,,Total Current Assets
STATEMENT OF NET POSITION,PROPRIETARY FUNDS,Enterprise Funds Water,Assets,Current Assets,,Inventory Held for Resale,,Total Current Assets
STATEMENT OF NET POSITION,PROPRIETARY FUNDS,Enterprise Funds Water,Assets,Current Assets,,Materials and Supplies Inventory,,Total Current Assets
STATEMENT OF NET POSITION,PROPRIETARY FUNDS,Enterprise Funds Water,Assets,Current Assets,,Prepaid Items,,Total Current Assets
STATEMENT OF NET POSITION,PROPRIETARY FUNDS,Enterprise Funds Water,Assets,Current Assets,,Interfund Receivable,,Total Current Assets
STATEMENT OF NET POSITION,PROPRIETARY FUNDS,Enterprise Funds Water,Assets,Current Assets,,Other Current Assets,,Total Current Assets
STATEMENT OF NET POSITION,PROPRIETARY FUNDS,Enterprise Funds Water,Assets,Current Assets,,,Total Current Assets,Total Assets
STATEMENT OF NET POSITION,PROPRIETARY FUNDS,Enterprise Funds Water,Assets,Noncurrent Assets,Restricted Assets,Cash and Cash Equivalents,,Total Noncurrent Assets
STATEMENT OF NET POSITION,PROPRIETARY FUNDS,Enterprise Funds Water,Assets,Noncurrent Assets,Restricted Assets,Customer Deposits,,Total Noncurrent Assets
STATEMENT OF NET POSITION,PROPRIETARY FUNDS,Enterprise Funds Water,Assets,Noncurrent Assets,Restricted Assets,Investments,,Total Noncurrent Assets
STATEMENT OF NET POSITION,PROPRIETARY FUNDS,Enterprise Funds Water,Assets,Noncurrent Assets,Capital Assets,Capital Assets,,Total Noncurrent Assets
STATEMENT OF NET POSITION,PROPRIETARY FUNDS,Enterprise Funds Water,Assets,Noncurrent Assets,Capital Assets,Nondepreciable Capital Assets,,Total Noncurrent Assets
STATEMENT OF NET POSITION,PROPRIETARY FUNDS,Enterprise Funds Water,Assets,Noncurrent Assets,Capital Assets,Depreciable Capital Assets,,Total Noncurrent Assets
STATEMENT OF NET POSITION,PROPRIETARY FUNDS,Enterprise Funds Water,Assets,Noncurrent Assets,Capital Assets,Less  Accumulated Depreciation,,Total Noncurrent Assets
STATEMENT OF NET POSITION,PROPRIETARY FUNDS,Enterprise Funds Water,Assets,Noncurrent Assets,,Other Noncurrent Assets,,Total Noncurrent Assets
STATEMENT OF NET POSITION,PROPRIETARY FUNDS,Enterprise Funds Water,Assets,Noncurrent Assets,,,Total Noncurrent Assets,Total Assets
STATEMENT OF NET POSITION,PROPRIETARY FUNDS,Enterprise Funds Water,Assets,,,,Total Assets,
STATEMENT OF NET POSITION,PROPRIETARY FUNDS,Enterprise Funds Water,,,,Total Deferred Outflows of Resources,,
STATEMENT OF NET POSITION,PROPRIETARY FUNDS,Enterprise Funds Water,Liabilities,Current Liabilities,,Accounts Payable,,Total Current Liabilities
STATEMENT OF NET POSITION,PROPRIETARY FUNDS,Enterprise Funds Water,Liabilities,Current Liabilities,,Accrued Wages,,Total Current Liabilities
STATEMENT OF NET POSITION,PROPRIETARY FUNDS,Enterprise Funds Water,Liabilities,Current Liabilities,,Intergovernmental Payable,,Total Current Liabilities
STATEMENT OF NET POSITION,PROPRIETARY FUNDS,Enterprise Funds Water,Liabilities,Current Liabilities,,Due to Other Funds,,Total Current Liabilities
STATEMENT OF NET POSITION,PROPRIETARY FUNDS,Enterprise Funds Water,Liabilities,Current Liabilities,,Compensated Absences Payable,,Total Current Liabilities
STATEMENT OF NET POSITION,PROPRIETARY FUNDS,Enterprise Funds Water,Liabilities,Current Liabilities,,Matured Bonds Payable,,Total Current Liabilities
STATEMENT OF NET POSITION,PROPRIETARY FUNDS,Enterprise Funds Water,Liabilities,Current Liabilities,,Matured Interest Payable,,Total Current Liabilities
STATEMENT OF NET POSITION,PROPRIETARY FUNDS,Enterprise Funds Water,Liabilities,Current Liabilities,,Unearned Revenue,,Total Current Liabilities
STATEMENT OF NET POSITION,PROPRIETARY FUNDS,Enterprise Funds Water,Liabilities,Current Liabilities,,General Obligation Bonds Payable,,Total Current Liabilities
STATEMENT OF NET POSITION,PROPRIETARY FUNDS,Enterprise Funds Water,Liabilities,Current Liabilities,,Capital Leases Payable,,Total Current Liabilities
STATEMENT OF NET POSITION,PROPRIETARY FUNDS,Enterprise Funds Water,Liabilities,Current Liabilities,,Claims Payable,,Total Current Liabilities
STATEMENT OF NET POSITION,PROPRIETARY FUNDS,Enterprise Funds Water,Liabilities,Current Liabilities,,Other Current Liabilities,,Total Current Liabilities
STATEMENT OF NET POSITION,PROPRIETARY FUNDS,Enterprise Funds Water,Liabilities,Current Liabilities,,,Total Current Liabilities,Total Liabilities
STATEMENT OF NET POSITION,PROPRIETARY FUNDS,Enterprise Funds Water,Liabilities,Current Liabilities Payable from Restricted Assets,,Revenue Bonds Payable,,Total Current Liabilities Payable from Restricted Assets
STATEMENT OF NET POSITION,PROPRIETARY FUNDS,Enterprise Funds Water,Liabilities,Current Liabilities Payable from Restricted Assets,,Accrued Interest Payable,,Total Current Liabilities Payable from Restricted Assets
STATEMENT OF NET POSITION,PROPRIETARY FUNDS,Enterprise Funds Water,Liabilities,Current Liabilities Payable from Restricted Assets,,,Total Current Liabilities Payable from Restricted Assets,Total Liabilities
STATEMENT OF NET POSITION,PROPRIETARY FUNDS,Enterprise Funds Water,Liabilities,Long Term Liabilities,,Compensated Absences Payable (Net of Current Portion),,Total Long Term Liabilities
STATEMENT OF NET POSITION,PROPRIETARY FUNDS,Enterprise Funds Water,Liabilities,Long Term Liabilities,,General Obligation Bonds Payable (Net of Current Portion),,Total Long Term Liabilities
STATEMENT OF NET POSITION,PROPRIETARY FUNDS,Enterprise Funds Water,Liabilities,Long Term Liabilities,,Revenue Bonds Payable (Net of Current Portion),,Total Long Term Liabilities
STATEMENT OF NET POSITION,PROPRIETARY FUNDS,Enterprise Funds Water,Liabilities,Long Term Liabilities,,Capital Leases Payable (Net of Current Portion),,Total Long Term Liabilities
STATEMENT OF NET POSITION,PROPRIETARY FUNDS,Enterprise Funds Water,Liabilities,Long Term Liabilities,,Claims Payable (Net of Current Portion),,Total Long Term Liabilities
STATEMENT OF NET POSITION,PROPRIETARY FUNDS,Enterprise Funds Water,Liabilities,Long Term Liabilities,,Other Long Term Liabilities,,Total Long Term Liabilities
STATEMENT OF NET POSITION,PROPRIETARY FUNDS,Enterprise Funds Water,Liabilities,Long Term Liabilities,,,Total Long Term Liabilities,Total Liabilities
STATEMENT OF NET POSITION,PROPRIETARY FUNDS,Enterprise Funds Water,Liabilities,,,,Total Liabilities,
STATEMENT OF NET POSITION,PROPRIETARY FUNDS,Enterprise Funds Water,,,,Total Deferred Inflows of Resources,,
STATEMENT OF NET POSITION,PROPRIETARY FUNDS,Enterprise Funds Water,Net Position,,,Net Investment in Capital Assets,,Total Net Position
STATEMENT OF NET POSITION,PROPRIETARY FUNDS,Enterprise Funds Water,Net Position,,,Restricted,,Total Net Position
STATEMENT OF NET POSITION,PROPRIETARY FUNDS,Enterprise Funds Water,Net Position,,,Unrestricted,,Total Net Position
STATEMENT OF NET POSITION,PROPRIETARY FUNDS,Enterprise Funds Water,Net Position,,,,Total Net Position,
STATEMENT OF NET POSITION,PROPRIETARY FUNDS,Enterprise Funds Sewer,Assets,Current Assets,,Cash and Cash Equivalents,,Total Current Assets
STATEMENT OF NET POSITION,PROPRIETARY FUNDS,Enterprise Funds Sewer,Assets,Current Assets,,Investments,,Total Current Assets
STATEMENT OF NET POSITION,PROPRIETARY FUNDS,Enterprise Funds Sewer,Assets,Current Assets,Receivables,Accounts,,Total Current Assets
STATEMENT OF NET POSITION,PROPRIETARY FUNDS,Enterprise Funds Sewer,Assets,Current Assets,Receivables,Intergovernmental,,Total Current Assets
STATEMENT OF NET POSITION,PROPRIETARY FUNDS,Enterprise Funds Sewer,Assets,Current Assets,,Inventory Held for Resale,,Total Current Assets
STATEMENT OF NET POSITION,PROPRIETARY FUNDS,Enterprise Funds Sewer,Assets,Current Assets,,Materials and Supplies Inventory,,Total Current Assets
STATEMENT OF NET POSITION,PROPRIETARY FUNDS,Enterprise Funds Sewer,Assets,Current Assets,,Prepaid Items,,Total Current Assets
STATEMENT OF NET POSITION,PROPRIETARY FUNDS,Enterprise Funds Sewer,Assets,Current Assets,,Interfund Receivable,,Total Current Assets
STATEMENT OF NET POSITION,PROPRIETARY FUNDS,Enterprise Funds Sewer,Assets,Current Assets,,Other Current Assets,,Total Current Assets
STATEMENT OF NET POSITION,PROPRIETARY FUNDS,Enterprise Funds Sewer,Assets,Current Assets,,,Total Current Assets,Total Assets
STATEMENT OF NET POSITION,PROPRIETARY FUNDS,Enterprise Funds Sewer,Assets,Noncurrent Assets,Restricted Assets,Cash and Cash Equivalents,,Total Noncurrent Assets
STATEMENT OF NET POSITION,PROPRIETARY FUNDS,Enterprise Funds Sewer,Assets,Noncurrent Assets,Restricted Assets,Customer Deposits,,Total Noncurrent Assets
STATEMENT OF NET POSITION,PROPRIETARY FUNDS,Enterprise Funds Sewer,Assets,Noncurrent Assets,Restricted Assets,Investments,,Total Noncurrent Assets
STATEMENT OF NET POSITION,PROPRIETARY FUNDS,Enterprise Funds Sewer,Assets,Noncurrent Assets,Capital Assets,Capital Assets,,Total Noncurrent Assets
STATEMENT OF NET POSITION,PROPRIETARY FUNDS,Enterprise Funds Sewer,Assets,Noncurrent Assets,Capital Assets,Nondepreciable Capital Assets,,Total Noncurrent Assets
STATEMENT OF NET POSITION,PROPRIETARY FUNDS,Enterprise Funds Sewer,Assets,Noncurrent Assets,Capital Assets,Depreciable Capital Assets,,Total Noncurrent Assets
STATEMENT OF NET POSITION,PROPRIETARY FUNDS,Enterprise Funds Sewer,Assets,Noncurrent Assets,Capital Assets,Less  Accumulated Depreciation,,Total Noncurrent Assets
STATEMENT OF NET POSITION,PROPRIETARY FUNDS,Enterprise Funds Sewer,Assets,Noncurrent Assets,,Other Noncurrent Assets,,Total Noncurrent Assets
STATEMENT OF NET POSITION,PROPRIETARY FUNDS,Enterprise Funds Sewer,Assets,Noncurrent Assets,,,Total Noncurrent Assets,Total Assets
STATEMENT OF NET POSITION,PROPRIETARY FUNDS,Enterprise Funds Sewer,Assets,,,,Total Assets,
STATEMENT OF NET POSITION,PROPRIETARY FUNDS,Enterprise Funds Sewer,,,,Total Deferred Outflows of Resources,,
STATEMENT OF NET POSITION,PROPRIETARY FUNDS,Enterprise Funds Sewer,Liabilities,Current Liabilities,,Accounts Payable,,Total Current Liabilities
STATEMENT OF NET POSITION,PROPRIETARY FUNDS,Enterprise Funds Sewer,Liabilities,Current Liabilities,,Accrued Wages,,Total Current Liabilities
STATEMENT OF NET POSITION,PROPRIETARY FUNDS,Enterprise Funds Sewer,Liabilities,Current Liabilities,,Intergovernmental Payable,,Total Current Liabilities
STATEMENT OF NET POSITION,PROPRIETARY FUNDS,Enterprise Funds Sewer,Liabilities,Current Liabilities,,Due to Other Funds,,Total Current Liabilities
STATEMENT OF NET POSITION,PROPRIETARY FUNDS,Enterprise Funds Sewer,Liabilities,Current Liabilities,,Compensated Absences Payable,,Total Current Liabilities
STATEMENT OF NET POSITION,PROPRIETARY FUNDS,Enterprise Funds Sewer,Liabilities,Current Liabilities,,Matured Bonds Payable,,Total Current Liabilities
STATEMENT OF NET POSITION,PROPRIETARY FUNDS,Enterprise Funds Sewer,Liabilities,Current Liabilities,,Matured Interest Payable,,Total Current Liabilities
STATEMENT OF NET POSITION,PROPRIETARY FUNDS,Enterprise Funds Sewer,Liabilities,Current Liabilities,,Unearned Revenue,,Total Current Liabilities
STATEMENT OF NET POSITION,PROPRIETARY FUNDS,Enterprise Funds Sewer,Liabilities,Current Liabilities,,General Obligation Bonds Payable,,Total Current Liabilities
STATEMENT OF NET POSITION,PROPRIETARY FUNDS,Enterprise Funds Sewer,Liabilities,Current Liabilities,,Capital Leases Payable,,Total Current Liabilities
STATEMENT OF NET POSITION,PROPRIETARY FUNDS,Enterprise Funds Sewer,Liabilities,Current Liabilities,,Claims Payable,,Total Current Liabilities
STATEMENT OF NET POSITION,PROPRIETARY FUNDS,Enterprise Funds Sewer,Liabilities,Current Liabilities,,Other Current Liabilities,,Total Current Liabilities
STATEMENT OF NET POSITION,PROPRIETARY FUNDS,Enterprise Funds Sewer,Liabilities,Current Liabilities,,,Total Current Liabilities,Total Liabilities
STATEMENT OF NET POSITION,PROPRIETARY FUNDS,Enterprise Funds Sewer,Liabilities,Current Liabilities Payable from Restricted Assets,,Revenue Bonds Payable,,Total Current Liabilities Payable from Restricted Assets
STATEMENT OF NET POSITION,PROPRIETARY FUNDS,Enterprise Funds Sewer,Liabilities,Current Liabilities Payable from Restricted Assets,,Accrued Interest Payable,,Total Current Liabilities Payable from Restricted Assets
STATEMENT OF NET POSITION,PROPRIETARY FUNDS,Enterprise Funds Sewer,Liabilities,Current Liabilities Payable from Restricted Assets,,,Total Current Liabilities Payable from Restricted Assets,Total Liabilities
STATEMENT OF NET POSITION,PROPRIETARY FUNDS,Enterprise Funds Sewer,Liabilities,Long Term Liabilities,,Compensated Absences Payable (Net of Current Portion),,Total Long Term Liabilities
STATEMENT OF NET POSITION,PROPRIETARY FUNDS,Enterprise Funds Sewer,Liabilities,Long Term Liabilities,,General Obligation Bonds Payable (Net of Current Portion),,Total Long Term Liabilities
STATEMENT OF NET POSITION,PROPRIETARY FUNDS,Enterprise Funds Sewer,Liabilities,Long Term Liabilities,,Revenue Bonds Payable (Net of Current Portion),,Total Long Term Liabilities
STATEMENT OF NET POSITION,PROPRIETARY FUNDS,Enterprise Funds Sewer,Liabilities,Long Term Liabilities,,Capital Leases Payable (Net of Current Portion),,Total Long Term Liabilities
STATEMENT OF NET POSITION,PROPRIETARY FUNDS,Enterprise Funds Sewer,Liabilities,Long Term Liabilities,,Claims Payable (Net of Current Portion),,Total Long Term Liabilities
STATEMENT OF NET POSITION,PROPRIETARY FUNDS,Enterprise Funds Sewer,Liabilities,Long Term Liabilities,,Other Long Term Liabilities,,Total Long Term Liabilities
STATEMENT OF NET POSITION,PROPRIETARY FUNDS,Enterprise Funds Sewer,Liabilities,Long Term Liabilities,,,Total Long Term Liabilities,Total Liabilities
STATEMENT OF NET POSITION,PROPRIETARY FUNDS,Enterprise Funds Sewer,Liabilities,,,,Total Liabilities,
STATEMENT OF NET POSITION,PROPRIETARY FUNDS,Enterprise Funds Sewer,,,,Total Deferred Inflows of Resources,,
STATEMENT OF NET POSITION,PROPRIETARY FUNDS,Enterprise Funds Sewer,Net Position,,,Net Investment in Capital Assets,,Total Net Position
STATEMENT OF NET POSITION,PROPRIETARY FUNDS,Enterprise Funds Sewer,Net Position,,,Restricted,,Total Net Position
STATEMENT OF NET POSITION,PROPRIETARY FUNDS,Enterprise Funds Sewer,Net Position,,,Unrestricted,,Total Net Position
STATEMENT OF NET POSITION,PROPRIETARY FUNDS,Enterprise Funds Sewer,Net Position,,,,Total Net Position,
STATEMENT OF NET POSITION,PROPRIETARY FUNDS,Enterprise Funds Landfill,Assets,Current Assets,,Cash and Cash Equivalents,,Total Current Assets
STATEMENT OF NET POSITION,PROPRIETARY FUNDS,Enterprise Funds Landfill,Assets,Current Assets,,Investments,,Total Current Assets
STATEMENT OF NET POSITION,PROPRIETARY FUNDS,Enterprise Funds Landfill,Assets,Current Assets,Receivables,Accounts,,Total Current Assets
STATEMENT OF NET POSITION,PROPRIETARY FUNDS,Enterprise Funds Landfill,Assets,Current Assets,Receivables,Intergovernmental,,Total Current Assets
STATEMENT OF NET POSITION,PROPRIETARY FUNDS,Enterprise Funds Landfill,Assets,Current Assets,,Inventory Held for Resale,,Total Current Assets
STATEMENT OF NET POSITION,PROPRIETARY FUNDS,Enterprise Funds Landfill,Assets,Current Assets,,Materials and Supplies Inventory,,Total Current Assets
STATEMENT OF NET POSITION,PROPRIETARY FUNDS,Enterprise Funds Landfill,Assets,Current Assets,,Prepaid Items,,Total Current Assets
STATEMENT OF NET POSITION,PROPRIETARY FUNDS,Enterprise Funds Landfill,Assets,Current Assets,,Interfund Receivable,,Total Current Assets
STATEMENT OF NET POSITION,PROPRIETARY FUNDS,Enterprise Funds Landfill,Assets,Current Assets,,Other Current Assets,,Total Current Assets
STATEMENT OF NET POSITION,PROPRIETARY FUNDS,Enterprise Funds Landfill,Assets,Current Assets,,,Total Current Assets,Total Assets
STATEMENT OF NET POSITION,PROPRIETARY FUNDS,Enterprise Funds Landfill,Assets,Noncurrent Assets,Restricted Assets,Cash and Cash Equivalents,,Total Noncurrent Assets
STATEMENT OF NET POSITION,PROPRIETARY FUNDS,Enterprise Funds Landfill,Assets,Noncurrent Assets,Restricted Assets,Customer Deposits,,Total Noncurrent Assets
STATEMENT OF NET POSITION,PROPRIETARY FUNDS,Enterprise Funds Landfill,Assets,Noncurrent Assets,Restricted Assets,Investments,,Total Noncurrent Assets
STATEMENT OF NET POSITION,PROPRIETARY FUNDS,Enterprise Funds Landfill,Assets,Noncurrent Assets,Capital Assets,Capital Assets,,Total Noncurrent Assets
STATEMENT OF NET POSITION,PROPRIETARY FUNDS,Enterprise Funds Landfill,Assets,Noncurrent Assets,Capital Assets,Nondepreciable Capital Assets,,Total Noncurrent Assets
STATEMENT OF NET POSITION,PROPRIETARY FUNDS,Enterprise Funds Landfill,Assets,Noncurrent Assets,Capital Assets,Depreciable Capital Assets,,Total Noncurrent Assets
STATEMENT OF NET POSITION,PROPRIETARY FUNDS,Enterprise Funds Landfill,Assets,Noncurrent Assets,Capital Assets,Less  Accumulated Depreciation,,Total Noncurrent Assets
STATEMENT OF NET POSITION,PROPRIETARY FUNDS,Enterprise Funds Landfill,Assets,Noncurrent Assets,,Other Noncurrent Assets,,Total Noncurrent Assets
STATEMENT OF NET POSITION,PROPRIETARY FUNDS,Enterprise Funds Landfill,Assets,Noncurrent Assets,,,Total Noncurrent Assets,Total Assets
STATEMENT OF NET POSITION,PROPRIETARY FUNDS,Enterprise Funds Landfill,Assets,,,,Total Assets,
STATEMENT OF NET POSITION,PROPRIETARY FUNDS,Enterprise Funds Landfill,,,,Total Deferred Outflows of Resources,,
STATEMENT OF NET POSITION,PROPRIETARY FUNDS,Enterprise Funds Landfill,Liabilities,Current Liabilities,,Accounts Payable,,Total Current Liabilities
STATEMENT OF NET POSITION,PROPRIETARY FUNDS,Enterprise Funds Landfill,Liabilities,Current Liabilities,,Accrued Wages,,Total Current Liabilities
STATEMENT OF NET POSITION,PROPRIETARY FUNDS,Enterprise Funds Landfill,Liabilities,Current Liabilities,,Intergovernmental Payable,,Total Current Liabilities
STATEMENT OF NET POSITION,PROPRIETARY FUNDS,Enterprise Funds Landfill,Liabilities,Current Liabilities,,Due to Other Funds,,Total Current Liabilities
STATEMENT OF NET POSITION,PROPRIETARY FUNDS,Enterprise Funds Landfill,Liabilities,Current Liabilities,,Compensated Absences Payable,,Total Current Liabilities
STATEMENT OF NET POSITION,PROPRIETARY FUNDS,Enterprise Funds Landfill,Liabilities,Current Liabilities,,Matured Bonds Payable,,Total Current Liabilities
STATEMENT OF NET POSITION,PROPRIETARY FUNDS,Enterprise Funds Landfill,Liabilities,Current Liabilities,,Matured Interest Payable,,Total Current Liabilities
STATEMENT OF NET POSITION,PROPRIETARY FUNDS,Enterprise Funds Landfill,Liabilities,Current Liabilities,,Unearned Revenue,,Total Current Liabilities
STATEMENT OF NET POSITION,PROPRIETARY FUNDS,Enterprise Funds Landfill,Liabilities,Current Liabilities,,General Obligation Bonds Payable,,Total Current Liabilities
STATEMENT OF NET POSITION,PROPRIETARY FUNDS,Enterprise Funds Landfill,Liabilities,Current Liabilities,,Capital Leases Payable,,Total Current Liabilities
STATEMENT OF NET POSITION,PROPRIETARY FUNDS,Enterprise Funds Landfill,Liabilities,Current Liabilities,,Claims Payable,,Total Current Liabilities
STATEMENT OF NET POSITION,PROPRIETARY FUNDS,Enterprise Funds Landfill,Liabilities,Current Liabilities,,Other Current Liabilities,,Total Current Liabilities
STATEMENT OF NET POSITION,PROPRIETARY FUNDS,Enterprise Funds Landfill,Liabilities,Current Liabilities,,,Total Current Liabilities,Total Liabilities
STATEMENT OF NET POSITION,PROPRIETARY FUNDS,Enterprise Funds Landfill,Liabilities,Current Liabilities Payable from Restricted Assets,,Revenue Bonds Payable,,Total Current Liabilities Payable from Restricted Assets
STATEMENT OF NET POSITION,PROPRIETARY FUNDS,Enterprise Funds Landfill,Liabilities,Current Liabilities Payable from Restricted Assets,,Accrued Interest Payable,,Total Current Liabilities Payable from Restricted Assets
STATEMENT OF NET POSITION,PROPRIETARY FUNDS,Enterprise Funds Landfill,Liabilities,Current Liabilities Payable from Restricted Assets,,,Total Current Liabilities Payable from Restricted Assets,Total Liabilities
STATEMENT OF NET POSITION,PROPRIETARY FUNDS,Enterprise Funds Landfill,Liabilities,Long Term Liabilities,,Compensated Absences Payable (Net of Current Portion),,Total Long Term Liabilities
STATEMENT OF NET POSITION,PROPRIETARY FUNDS,Enterprise Funds Landfill,Liabilities,Long Term Liabilities,,General Obligation Bonds Payable (Net of Current Portion),,Total Long Term Liabilities
STATEMENT OF NET POSITION,PROPRIETARY FUNDS,Enterprise Funds Landfill,Liabilities,Long Term Liabilities,,Revenue Bonds Payable (Net of Current Portion),,Total Long Term Liabilities
STATEMENT OF NET POSITION,PROPRIETARY FUNDS,Enterprise Funds Landfill,Liabilities,Long Term Liabilities,,Capital Leases Payable (Net of Current Portion),,Total Long Term Liabilities
STATEMENT OF NET POSITION,PROPRIETARY FUNDS,Enterprise Funds Landfill,Liabilities,Long Term Liabilities,,Claims Payable (Net of Current Portion),,Total Long Term Liabilities
STATEMENT OF NET POSITION,PROPRIETARY FUNDS,Enterprise Funds Landfill,Liabilities,Long Term Liabilities,,Other Long Term Liabilities,,Total Long Term Liabilities
STATEMENT OF NET POSITION,PROPRIETARY FUNDS,Enterprise Funds Landfill,Liabilities,Long Term Liabilities,,,Total Long Term Liabilities,Total Liabilities
STATEMENT OF NET POSITION,PROPRIETARY FUNDS,Enterprise Funds Landfill,Liabilities,,,,Total Liabilities,
STATEMENT OF NET POSITION,PROPRIETARY FUNDS,Enterprise Funds Landfill,,,,Total Deferred Inflows of Resources,,
STATEMENT OF NET POSITION,PROPRIETARY FUNDS,Enterprise Funds Landfill,Net Position,,,Net Investment in Capital Assets,,Total Net Position
STATEMENT OF NET POSITION,PROPRIETARY FUNDS,Enterprise Funds Landfill,Net Position,,,Restricted,,Total Net Position
STATEMENT OF NET POSITION,PROPRIETARY FUNDS,Enterprise Funds Landfill,Net Position,,,Unrestricted,,Total Net Position
STATEMENT OF NET POSITION,PROPRIETARY FUNDS,Enterprise Funds Landfill,Net Position,,,,Total Net Position,
"STATEMENT OF RECEIPTS, DISBURSEMENTS AND CHANGES IN NET POSITION",PROPRIETARY FUNDS,Enterprise Funds Water,Operating Receipts,,,Sales,,Total Operating Receipts
"STATEMENT OF RECEIPTS, DISBURSEMENTS AND CHANGES IN NET POSITION",PROPRIETARY FUNDS,Enterprise Funds Water,Operating Receipts,,,Charges for Services,,Total Operating Receipts
"STATEMENT OF RECEIPTS, DISBURSEMENTS AND CHANGES IN NET POSITION",PROPRIETARY FUNDS,Enterprise Funds Water,Operating Receipts,,,Other Operating Receipts,,Total Operating Receipts
"STATEMENT OF RECEIPTS, DISBURSEMENTS AND CHANGES IN NET POSITION",PROPRIETARY FUNDS,Enterprise Funds Water,Operating Receipts,,,,Total Operating Receipts,Operating Income (Loss)
"STATEMENT OF RECEIPTS, DISBURSEMENTS AND CHANGES IN NET POSITION",PROPRIETARY FUNDS,Enterprise Funds Water,Operating Disbursements,,,Salaries,,Total Operating Disbursements
"STATEMENT OF RECEIPTS, DISBURSEMENTS AND CHANGES IN NET POSITION",PROPRIETARY FUNDS,Enterprise Funds Water,Operating Disbursements,,,Fringe Benefits,,Total Operating Disbursements
"STATEMENT OF RECEIPTS, DISBURSEMENTS AND CHANGES IN NET POSITION",PROPRIETARY FUNDS,Enterprise Funds Water,Operating Disbursements,,,Purchased Services,,Total Operating Disbursements
"STATEMENT OF RECEIPTS, DISBURSEMENTS AND CHANGES IN NET POSITION",PROPRIETARY FUNDS,Enterprise Funds Water,Operating Disbursements,,,Materials and Supplies,,Total Operating Disbursements
"STATEMENT OF RECEIPTS, DISBURSEMENTS AND CHANGES IN NET POSITION",PROPRIETARY FUNDS,Enterprise Funds Water,Operating Disbursements,,,Cost of Sales,,Total Operating Disbursements
"STATEMENT OF RECEIPTS, DISBURSEMENTS AND CHANGES IN NET POSITION",PROPRIETARY FUNDS,Enterprise Funds Water,Operating Disbursements,,,Depreciation,,Total Operating Disbursements
"STATEMENT OF RECEIPTS, DISBURSEMENTS AND CHANGES IN NET POSITION",PROPRIETARY FUNDS,Enterprise Funds Water,Operating Disbursements,,,Claims,,Total Operating Disbursements
"STATEMENT OF RECEIPTS, DISBURSEMENTS AND CHANGES IN NET POSITION",PROPRIETARY FUNDS,Enterprise Funds Water,Operating Disbursements,,,Other Operating Disbursements,,Total Operating Disbursements
"STATEMENT OF RECEIPTS, DISBURSEMENTS AND CHANGES IN NET POSITION",PROPRIETARY FUNDS,Enterprise Funds Water,Operating Disbursements,,,,Total Operating Disbursements,Operating Income (Loss)
"STATEMENT OF RECEIPTS, DISBURSEMENTS AND CHANGES IN NET POSITION",PROPRIETARY FUNDS,Enterprise Funds Water,,,,,Operating Income (Loss),"Income (Loss) before Capital Contributions, Special and Extraordinary Items, Advances and Transfers"
"STATEMENT OF RECEIPTS, DISBURSEMENTS AND CHANGES IN NET POSITION",PROPRIETARY FUNDS,Enterprise Funds Water,Non Operating Receipts (Disbursements),,,Interest and Fiscal Charges,,Total Non Operating Receipts (Disbursements)
"STATEMENT OF RECEIPTS, DISBURSEMENTS AND CHANGES IN NET POSITION",PROPRIETARY FUNDS,Enterprise Funds Water,Non Operating Receipts (Disbursements),,,Sale of Bonds,,Total Non Operating Receipts (Disbursements)
"STATEMENT OF RECEIPTS, DISBURSEMENTS AND CHANGES IN NET POSITION",PROPRIETARY FUNDS,Enterprise Funds Water,Non Operating Receipts (Disbursements),,,Sale of Notes,,Total Non Operating Receipts (Disbursements)
"STATEMENT OF RECEIPTS, DISBURSEMENTS AND CHANGES IN NET POSITION",PROPRIETARY FUNDS,Enterprise Funds Water,Non Operating Receipts (Disbursements),,,Other Debt Proceeds,,Total Non Operating Receipts (Disbursements)
"STATEMENT OF RECEIPTS, DISBURSEMENTS AND CHANGES IN NET POSITION",PROPRIETARY FUNDS,Enterprise Funds Water,Non Operating Receipts (Disbursements),Debt Service,,Redemption of Principal,,Total Non Operating Receipts (Disbursements)
"STATEMENT OF RECEIPTS, DISBURSEMENTS AND CHANGES IN NET POSITION",PROPRIETARY FUNDS,Enterprise Funds Water,Non Operating Receipts (Disbursements),Debt Service,,Issuance Costs,,Total Non Operating Receipts (Disbursements)
"STATEMENT OF RECEIPTS, DISBURSEMENTS AND CHANGES IN NET POSITION",PROPRIETARY FUNDS,Enterprise Funds Water,Non Operating Receipts (Disbursements),,,Gain on Sale of Capital Assets,,Total Non Operating Receipts (Disbursements)
"STATEMENT OF RECEIPTS, DISBURSEMENTS AND CHANGES IN NET POSITION",PROPRIETARY FUNDS,Enterprise Funds Water,Non Operating Receipts (Disbursements),,,Loss on Sale of Capital Assets,,Total Non Operating Receipts (Disbursements)
"STATEMENT OF RECEIPTS, DISBURSEMENTS AND CHANGES IN NET POSITION",PROPRIETARY FUNDS,Enterprise Funds Water,Non Operating Receipts (Disbursements),,,Interest,,Total Non Operating Receipts (Disbursements)
"STATEMENT OF RECEIPTS, DISBURSEMENTS AND CHANGES IN NET POSITION",PROPRIETARY FUNDS,Enterprise Funds Water,Non Operating Receipts (Disbursements),,,Operating Grants,,Total Non Operating Receipts (Disbursements)
"STATEMENT OF RECEIPTS, DISBURSEMENTS AND CHANGES IN NET POSITION",PROPRIETARY FUNDS,Enterprise Funds Water,Non Operating Receipts (Disbursements),,,Other Non Operating Receipts,,Total Non Operating Receipts (Disbursements)
"STATEMENT OF RECEIPTS, DISBURSEMENTS AND CHANGES IN NET POSITION",PROPRIETARY FUNDS,Enterprise Funds Water,Non Operating Receipts (Disbursements),,,Other Non Operating Disbursements,,Total Non Operating Receipts (Disbursements)
"STATEMENT OF RECEIPTS, DISBURSEMENTS AND CHANGES IN NET POSITION",PROPRIETARY FUNDS,Enterprise Funds Water,Non Operating Receipts (Disbursements),,,,Total Non Operating Receipts (Disbursements),"Income (Loss) before Capital Contributions, Special and Extraordinary Items, Advances and Transfers"
"STATEMENT OF RECEIPTS, DISBURSEMENTS AND CHANGES IN NET POSITION",PROPRIETARY FUNDS,Enterprise Funds Water,,,,,"Income (Loss) before Capital Contributions, Special and Extraordinary Items, Advances and Transfers",Change in Net Position
"STATEMENT OF RECEIPTS, DISBURSEMENTS AND CHANGES IN NET POSITION",PROPRIETARY FUNDS,Enterprise Funds Water,,,,Capital Contributions,,Change in Net Position
"STATEMENT OF RECEIPTS, DISBURSEMENTS AND CHANGES IN NET POSITION",PROPRIETARY FUNDS,Enterprise Funds Water,,,,Special Items,,Change in Net Position
"STATEMENT OF RECEIPTS, DISBURSEMENTS AND CHANGES IN NET POSITION",PROPRIETARY FUNDS,Enterprise Funds Water,,,,Extraordinary Items,,Change in Net Position
"STATEMENT OF RECEIPTS, DISBURSEMENTS AND CHANGES IN NET POSITION",PROPRIETARY FUNDS,Enterprise Funds Water,,,,Advances In,,Change in Net Position
"STATEMENT OF RECEIPTS, DISBURSEMENTS AND CHANGES IN NET POSITION",PROPRIETARY FUNDS,Enterprise Funds Water,,,,Advances Out,,Change in Net Position
"STATEMENT OF RECEIPTS, DISBURSEMENTS AND CHANGES IN NET POSITION",PROPRIETARY FUNDS,Enterprise Funds Water,,,,Transfers In,,Change in Net Position
"STATEMENT OF RECEIPTS, DISBURSEMENTS AND CHANGES IN NET POSITION",PROPRIETARY FUNDS,Enterprise Funds Water,,,,Transfers Out,,Change in Net Position
"STATEMENT OF RECEIPTS, DISBURSEMENTS AND CHANGES IN NET POSITION",PROPRIETARY FUNDS,Enterprise Funds Water,,,,,Change in Net Position,"Net Position, End of Year"
"STATEMENT OF RECEIPTS, DISBURSEMENTS AND CHANGES IN NET POSITION",PROPRIETARY FUNDS,Enterprise Funds Water,,,,"Net Position, Beginning of Year",,"Net Position, End of Year"
"STATEMENT OF RECEIPTS, DISBURSEMENTS AND CHANGES IN NET POSITION",PROPRIETARY FUNDS,Enterprise Funds Water,,,,,"Net Position, End of Year",
"STATEMENT OF RECEIPTS, DISBURSEMENTS AND CHANGES IN NET POSITION",PROPRIETARY FUNDS,Enterprise Funds Sewer,Operating Receipts,,,Sales,,Total Operating Receipts
"STATEMENT OF RECEIPTS, DISBURSEMENTS AND CHANGES IN NET POSITION",PROPRIETARY FUNDS,Enterprise Funds Sewer,Operating Receipts,,,Charges for Services,,Total Operating Receipts
"STATEMENT OF RECEIPTS, DISBURSEMENTS AND CHANGES IN NET POSITION",PROPRIETARY FUNDS,Enterprise Funds Sewer,Operating Receipts,,,Other Operating Receipts,,Total Operating Receipts
"STATEMENT OF RECEIPTS, DISBURSEMENTS AND CHANGES IN NET POSITION",PROPRIETARY FUNDS,Enterprise Funds Sewer,Operating Receipts,,,,Total Operating Receipts,Operating Income (Loss)
"STATEMENT OF RECEIPTS, DISBURSEMENTS AND CHANGES IN NET POSITION",PROPRIETARY FUNDS,Enterprise Funds Sewer,Operating Disbursements,,,Salaries,,Total Operating Disbursements
"STATEMENT OF RECEIPTS, DISBURSEMENTS AND CHANGES IN NET POSITION",PROPRIETARY FUNDS,Enterprise Funds Sewer,Operating Disbursements,,,Fringe Benefits,,Total Operating Disbursements
"STATEMENT OF RECEIPTS, DISBURSEMENTS AND CHANGES IN NET POSITION",PROPRIETARY FUNDS,Enterprise Funds Sewer,Operating Disbursements,,,Purchased Services,,Total Operating Disbursements
"STATEMENT OF RECEIPTS, DISBURSEMENTS AND CHANGES IN NET POSITION",PROPRIETARY FUNDS,Enterprise Funds Sewer,Operating Disbursements,,,Materials and Supplies,,Total Operating Disbursements
"STATEMENT OF RECEIPTS, DISBURSEMENTS AND CHANGES IN NET POSITION",PROPRIETARY FUNDS,Enterprise Funds Sewer,Operating Disbursements,,,Cost of Sales,,Total Operating Disbursements
"STATEMENT OF RECEIPTS, DISBURSEMENTS AND CHANGES IN NET POSITION",PROPRIETARY FUNDS,Enterprise Funds Sewer,Operating Disbursements,,,Depreciation,,Total Operating Disbursements
"STATEMENT OF RECEIPTS, DISBURSEMENTS AND CHANGES IN NET POSITION",PROPRIETARY FUNDS,Enterprise Funds Sewer,Operating Disbursements,,,Claims,,Total Operating Disbursements
"STATEMENT OF RECEIPTS, DISBURSEMENTS AND CHANGES IN NET POSITION",PROPRIETARY FUNDS,Enterprise Funds Sewer,Operating Disbursements,,,Other Operating Disbursements,,Total Operating Disbursements
"STATEMENT OF RECEIPTS, DISBURSEMENTS AND CHANGES IN NET POSITION",PROPRIETARY FUNDS,Enterprise Funds Sewer,Operating Disbursements,,,,Total Operating Disbursements,Operating Income (Loss)
"STATEMENT OF RECEIPTS, DISBURSEMENTS AND CHANGES IN NET POSITION",PROPRIETARY FUNDS,Enterprise Funds Sewer,,,,,Operating Income (Loss),"Income (Loss) before Capital Contributions, Special and Extraordinary Items, Advances and Transfers"
"STATEMENT OF RECEIPTS, DISBURSEMENTS AND CHANGES IN NET POSITION",PROPRIETARY FUNDS,Enterprise Funds Sewer,Non Operating Receipts (Disbursements),,,Interest and Fiscal Charges,,Total Non Operating Receipts (Disbursements)
"STATEMENT OF RECEIPTS, DISBURSEMENTS AND CHANGES IN NET POSITION",PROPRIETARY FUNDS,Enterprise Funds Sewer,Non Operating Receipts (Disbursements),,,Sale of Bonds,,Total Non Operating Receipts (Disbursements)
"STATEMENT OF RECEIPTS, DISBURSEMENTS AND CHANGES IN NET POSITION",PROPRIETARY FUNDS,Enterprise Funds Sewer,Non Operating Receipts (Disbursements),,,Sale of Notes,,Total Non Operating Receipts (Disbursements)
"STATEMENT OF RECEIPTS, DISBURSEMENTS AND CHANGES IN NET POSITION",PROPRIETARY FUNDS,Enterprise Funds Sewer,Non Operating Receipts (Disbursements),,,Other Debt Proceeds,,Total Non Operating Receipts (Disbursements)
"STATEMENT OF RECEIPTS, DISBURSEMENTS AND CHANGES IN NET POSITION",PROPRIETARY FUNDS,Enterprise Funds Sewer,Non Operating Receipts (Disbursements),Debt Service,,Redemption of Principal,,Total Non Operating Receipts (Disbursements)
"STATEMENT OF RECEIPTS, DISBURSEMENTS AND CHANGES IN NET POSITION",PROPRIETARY FUNDS,Enterprise Funds Sewer,Non Operating Receipts (Disbursements),Debt Service,,Issuance Costs,,Total Non Operating Receipts (Disbursements)
"STATEMENT OF RECEIPTS, DISBURSEMENTS AND CHANGES IN NET POSITION",PROPRIETARY FUNDS,Enterprise Funds Sewer,Non Operating Receipts (Disbursements),,,Gain on Sale of Capital Assets,,Total Non Operating Receipts (Disbursements)
"STATEMENT OF RECEIPTS, DISBURSEMENTS AND CHANGES IN NET POSITION",PROPRIETARY FUNDS,Enterprise Funds Sewer,Non Operating Receipts (Disbursements),,,Loss on Sale of Capital Assets,,Total Non Operating Receipts (Disbursements)
"STATEMENT OF RECEIPTS, DISBURSEMENTS AND CHANGES IN NET POSITION",PROPRIETARY FUNDS,Enterprise Funds Sewer,Non Operating Receipts (Disbursements),,,Interest,,Total Non Operating Receipts (Disbursements)
"STATEMENT OF RECEIPTS, DISBURSEMENTS AND CHANGES IN NET POSITION",PROPRIETARY FUNDS,Enterprise Funds Sewer,Non Operating Receipts (Disbursements),,,Operating Grants,,Total Non Operating Receipts (Disbursements)
"STATEMENT OF RECEIPTS, DISBURSEMENTS AND CHANGES IN NET POSITION",PROPRIETARY FUNDS,Enterprise Funds Sewer,Non Operating Receipts (Disbursements),,,Other Non Operating Receipts,,Total Non Operating Receipts (Disbursements)
"STATEMENT OF RECEIPTS, DISBURSEMENTS AND CHANGES IN NET POSITION",PROPRIETARY FUNDS,Enterprise Funds Sewer,Non Operating Receipts (Disbursements),,,Other Non Operating Disbursements,,Total Non Operating Receipts (Disbursements)
"STATEMENT OF RECEIPTS, DISBURSEMENTS AND CHANGES IN NET POSITION",PROPRIETARY FUNDS,Enterprise Funds Sewer,Non Operating Receipts (Disbursements),,,,Total Non Operating Receipts (Disbursements),"Income (Loss) before Capital Contributions, Special and Extraordinary Items, Advances and Transfers"
"STATEMENT OF RECEIPTS, DISBURSEMENTS AND CHANGES IN NET POSITION",PROPRIETARY FUNDS,Enterprise Funds Sewer,,,,,"Income (Loss) before Capital Contributions, Special and Extraordinary Items, Advances and Transfers",Change in Net Position
"STATEMENT OF RECEIPTS, DISBURSEMENTS AND CHANGES IN NET POSITION",PROPRIETARY FUNDS,Enterprise Funds Sewer,,,,Capital Contributions,,Change in Net Position
"STATEMENT OF RECEIPTS, DISBURSEMENTS AND CHANGES IN NET POSITION",PROPRIETARY FUNDS,Enterprise Funds Sewer,,,,Special Items,,Change in Net Position
"STATEMENT OF RECEIPTS, DISBURSEMENTS AND CHANGES IN NET POSITION",PROPRIETARY FUNDS,Enterprise Funds Sewer,,,,Extraordinary Items,,Change in Net Position
"STATEMENT OF RECEIPTS, DISBURSEMENTS AND CHANGES IN NET POSITION",PROPRIETARY FUNDS,Enterprise Funds Sewer,,,,Advances In,,Change in Net Position
"STATEMENT OF RECEIPTS, DISBURSEMENTS AND CHANGES IN NET POSITION",PROPRIETARY FUNDS,Enterprise Funds Sewer,,,,Advances Out,,Change in Net Position
"STATEMENT OF RECEIPTS, DISBURSEMENTS AND CHANGES IN NET POSITION",PROPRIETARY FUNDS,Enterprise Funds Sewer,,,,Transfers In,,Change in Net Position
"STATEMENT OF RECEIPTS, DISBURSEMENTS AND CHANGES IN NET POSITION",PROPRIETARY FUNDS,Enterprise Funds Sewer,,,,Transfers Out,,Change in Net Position
"STATEMENT OF RECEIPTS, DISBURSEMENTS AND CHANGES IN NET POSITION",PROPRIETARY FUNDS,Enterprise Funds Sewer,,,,,Change in Net Position,"Net Position, End of Year"
"STATEMENT OF RECEIPTS, DISBURSEMENTS AND CHANGES IN NET POSITION",PROPRIETARY FUNDS,Enterprise Funds Sewer,,,,"Net Position, Beginning of Year",,"Net Position, End of Year"
"STATEMENT OF RECEIPTS, DISBURSEMENTS AND CHANGES IN NET POSITION",PROPRIETARY FUNDS,Enterprise Funds Sewer,,,,,"Net Position, End of Year",
"STATEMENT OF RECEIPTS, DISBURSEMENTS AND CHANGES IN NET POSITION",PROPRIETARY FUNDS,Enterprise Funds Landfill,Operating Receipts,,,Sales,,Total Operating Receipts
"STATEMENT OF RECEIPTS, DISBURSEMENTS AND CHANGES IN NET POSITION",PROPRIETARY FUNDS,Enterprise Funds Landfill,Operating Receipts,,,Charges for Services,,Total Operating Receipts
"STATEMENT OF RECEIPTS, DISBURSEMENTS AND CHANGES IN NET POSITION",PROPRIETARY FUNDS,Enterprise Funds Landfill,Operating Receipts,,,Other Operating Receipts,,Total Operating Receipts
"STATEMENT OF RECEIPTS, DISBURSEMENTS AND CHANGES IN NET POSITION",PROPRIETARY FUNDS,Enterprise Funds Landfill,Operating Receipts,,,,Total Operating Receipts,Operating Income (Loss)
"STATEMENT OF RECEIPTS, DISBURSEMENTS AND CHANGES IN NET POSITION",PROPRIETARY FUNDS,Enterprise Funds Landfill,Operating Disbursements,,,Salaries,,Total Operating Disbursements
"STATEMENT OF RECEIPTS, DISBURSEMENTS AND CHANGES IN NET POSITION",PROPRIETARY FUNDS,Enterprise Funds Landfill,Operating Disbursements,,,Fringe Benefits,,Total Operating Disbursements
"STATEMENT OF RECEIPTS, DISBURSEMENTS AND CHANGES IN NET POSITION",PROPRIETARY FUNDS,Enterprise Funds Landfill,Operating Disbursements,,,Purchased Services,,Total Operating Disbursements
"STATEMENT OF RECEIPTS, DISBURSEMENTS AND CHANGES IN NET POSITION",PROPRIETARY FUNDS,Enterprise Funds Landfill,Operating Disbursements,,,Materials and Supplies,,Total Operating Disbursements
"STATEMENT OF RECEIPTS, DISBURSEMENTS AND CHANGES IN NET POSITION",PROPRIETARY FUNDS,Enterprise Funds Landfill,Operating Disbursements,,,Cost of Sales,,Total Operating Disbursements
"STATEMENT OF RECEIPTS, DISBURSEMENTS AND CHANGES IN NET POSITION",PROPRIETARY FUNDS,Enterprise Funds Landfill,Operating Disbursements,,,Depreciation,,Total Operating Disbursements
"STATEMENT OF RECEIPTS, DISBURSEMENTS AND CHANGES IN NET POSITION",PROPRIETARY FUNDS,Enterprise Funds Landfill,Operating Disbursements,,,Claims,,Total Operating Disbursements
"STATEMENT OF RECEIPTS, DISBURSEMENTS AND CHANGES IN NET POSITION",PROPRIETARY FUNDS,Enterprise Funds Landfill,Operating Disbursements,,,Other Operating Disbursements,,Total Operating Disbursements
"STATEMENT OF RECEIPTS, DISBURSEMENTS AND CHANGES IN NET POSITION",PROPRIETARY FUNDS,Enterprise Funds Landfill,Operating Disbursements,,,,Total Operating Disbursements,Operating Income (Loss)
"STATEMENT OF RECEIPTS, DISBURSEMENTS AND CHANGES IN NET POSITION",PROPRIETARY FUNDS,Enterprise Funds Landfill,,,,,Operating Income (Loss),"Income (Loss) before Capital Contributions, Special and Extraordinary Items, Advances and Transfers"
"STATEMENT OF RECEIPTS, DISBURSEMENTS AND CHANGES IN NET POSITION",PROPRIETARY FUNDS,Enterprise Funds Landfill,Non Operating Receipts (Disbursements),,,Interest and Fiscal Charges,,Total Non Operating Receipts (Disbursements)
"STATEMENT OF RECEIPTS, DISBURSEMENTS AND CHANGES IN NET POSITION",PROPRIETARY FUNDS,Enterprise Funds Landfill,Non Operating Receipts (Disbursements),,,Sale of Bonds,,Total Non Operating Receipts (Disbursements)
"STATEMENT OF RECEIPTS, DISBURSEMENTS AND CHANGES IN NET POSITION",PROPRIETARY FUNDS,Enterprise Funds Landfill,Non Operating Receipts (Disbursements),,,Sale of Notes,,Total Non Operating Receipts (Disbursements)
"STATEMENT OF RECEIPTS, DISBURSEMENTS AND CHANGES IN NET POSITION",PROPRIETARY FUNDS,Enterprise Funds Landfill,Non Operating Receipts (Disbursements),,,Other Debt Proceeds,,Total Non Operating Receipts (Disbursements)
"STATEMENT OF RECEIPTS, DISBURSEMENTS AND CHANGES IN NET POSITION",PROPRIETARY FUNDS,Enterprise Funds Landfill,Non Operating Receipts (Disbursements),Debt Service,,Redemption of Principal,,Total Non Operating Receipts (Disbursements)
"STATEMENT OF RECEIPTS, DISBURSEMENTS AND CHANGES IN NET POSITION",PROPRIETARY FUNDS,Enterprise Funds Landfill,Non Operating Receipts (Disbursements),Debt Service,,Issuance Costs,,Total Non Operating Receipts (Disbursements)
"STATEMENT OF RECEIPTS, DISBURSEMENTS AND CHANGES IN NET POSITION",PROPRIETARY FUNDS,Enterprise Funds Landfill,Non Operating Receipts (Disbursements),,,Gain on Sale of Capital Assets,,Total Non Operating Receipts (Disbursements)
"STATEMENT OF RECEIPTS, DISBURSEMENTS AND CHANGES IN NET POSITION",PROPRIETARY FUNDS,Enterprise Funds Landfill,Non Operating Receipts (Disbursements),,,Loss on Sale of Capital Assets,,Total Non Operating Receipts (Disbursements)
"STATEMENT OF RECEIPTS, DISBURSEMENTS AND CHANGES IN NET POSITION",PROPRIETARY FUNDS,Enterprise Funds Landfill,Non Operating Receipts (Disbursements),,,Interest,,Total Non Operating Receipts (Disbursements)
"STATEMENT OF RECEIPTS, DISBURSEMENTS AND CHANGES IN NET POSITION",PROPRIETARY FUNDS,Enterprise Funds Landfill,Non Operating Receipts (Disbursements),,,Operating Grants,,Total Non Operating Receipts (Disbursements)
"STATEMENT OF RECEIPTS, DISBURSEMENTS AND CHANGES IN NET POSITION",PROPRIETARY FUNDS,Enterprise Funds Landfill,Non Operating Receipts (Disbursements),,,Other Non Operating Receipts,,Total Non Operating Receipts (Disbursements)
"STATEMENT OF RECEIPTS, DISBURSEMENTS AND CHANGES IN NET POSITION",PROPRIETARY FUNDS,Enterprise Funds Landfill,Non Operating Receipts (Disbursements),,,Other Non Operating Disbursements,,Total Non Operating Receipts (Disbursements)
"STATEMENT OF RECEIPTS, DISBURSEMENTS AND CHANGES IN NET POSITION",PROPRIETARY FUNDS,Enterprise Funds Landfill,Non Operating Receipts (Disbursements),,,,Total Non Operating Receipts (Disbursements),"Income (Loss) before Capital Contributions, Special and Extraordinary Items, Advances and Transfers"
"STATEMENT OF RECEIPTS, DISBURSEMENTS AND CHANGES IN NET POSITION",PROPRIETARY FUNDS,Enterprise Funds Landfill,,,,,"Income (Loss) before Capital Contributions, Special and Extraordinary Items, Advances and Transfers",Change in Net Position
"STATEMENT OF RECEIPTS, DISBURSEMENTS AND CHANGES IN NET POSITION",PROPRIETARY FUNDS,Enterprise Funds Landfill,,,,Capital Contributions,,Change in Net Position
"STATEMENT OF RECEIPTS, DISBURSEMENTS AND CHANGES IN NET POSITION",PROPRIETARY FUNDS,Enterprise Funds Landfill,,,,Special Items,,Change in Net Position
"STATEMENT OF RECEIPTS, DISBURSEMENTS AND CHANGES IN NET POSITION",PROPRIETARY FUNDS,Enterprise Funds Landfill,,,,Extraordinary Items,,Change in Net Position
"STATEMENT OF RECEIPTS, DISBURSEMENTS AND CHANGES IN NET POSITION",PROPRIETARY FUNDS,Enterprise Funds Landfill,,,,Advances In,,Change in Net Position
"STATEMENT OF RECEIPTS, DISBURSEMENTS AND CHANGES IN NET POSITION",PROPRIETARY FUNDS,Enterprise Funds Landfill,,,,Advances Out,,Change in Net Position
"STATEMENT OF RECEIPTS, DISBURSEMENTS AND CHANGES IN NET POSITION",PROPRIETARY FUNDS,Enterprise Funds Landfill,,,,Transfers In,,Change in Net Position
"STATEMENT OF RECEIPTS, DISBURSEMENTS AND CHANGES IN NET POSITION",PROPRIETARY FUNDS,Enterprise Funds Landfill,,,,Transfers Out,,Change in Net Position
"STATEMENT OF RECEIPTS, DISBURSEMENTS AND CHANGES IN NET POSITION",PROPRIETARY FUNDS,Enterprise Funds Landfill,,,,,Change in Net Position,"Net Position, End of Year"
"STATEMENT OF RECEIPTS, DISBURSEMENTS AND CHANGES IN NET POSITION",PROPRIETARY FUNDS,Enterprise Funds Landfill,,,,"Net Position, Beginning of Year",,"Net Position, End of Year"
"STATEMENT OF RECEIPTS, DISBURSEMENTS AND CHANGES IN NET POSITION",PROPRIETARY FUNDS,Enterprise Funds Landfill,,,,,"Net Position, End of Year",
LONG TERM OBLIGATIONS AT YEAR END,,,Governmental,,,General Obligation Bonds,,
LONG TERM OBLIGATIONS AT YEAR END,,,Governmental,,,Special Assessment Bonds,,
LONG TERM OBLIGATIONS AT YEAR END,,,Governmental,,,Notes Payable,,
LONG TERM OBLIGATIONS AT YEAR END,,,Governmental,,,Loans Payable,,
LONG TERM OBLIGATIONS AT YEAR END,,,Governmental,,,Capital Leases,,
LONG TERM OBLIGATIONS AT YEAR END,,,Governmental,,,Revenue Bonds,,
LONG TERM OBLIGATIONS AT YEAR END,,,Governmental,,,Miscellaneous Long Term Bonds,,
LONG TERM OBLIGATIONS AT YEAR END,,,Proprietary,,,General Obligation Bonds,,
LONG TERM OBLIGATIONS AT YEAR END,,,Proprietary,,,Special Assessment Bonds,,
LONG TERM OBLIGATIONS AT YEAR END,,,Proprietary,,,Notes Payable,,
LONG TERM OBLIGATIONS AT YEAR END,,,Proprietary,,,Loans Payable,,
LONG TERM OBLIGATIONS AT YEAR END,,,Proprietary,,,Capital Leases,,
LONG TERM OBLIGATIONS AT YEAR END,,,Proprietary,,,Revenue Bonds,,
LONG TERM OBLIGATIONS AT YEAR END,,,Proprietary,,,Miscellaneous Long Term Bonds,,
OTHER INFORMATION,DEMOGRAPHICS,,,,,Population,,
OTHER INFORMATION,DEMOGRAPHICS,,,,,Total Annual Final Appropriations for All Funds for the Reporting Year,,
OTHER INFORMATION,DEMOGRAPHICS,,,,,Average Number of Utility Customers,,
OTHER INFORMATION,DEMOGRAPHICS,,,,,Full Tax Rate,,
OTHER INFORMATION,DEMOGRAPHICS,,,,,Property Tax Valuation,,
OTHER INFORMATION,DEMOGRAPHICS,,,,,Unrestricted General Fund Carryover Cash Balance at Year End,,
